ORIGIN,DEST,TOTAL_DEPARTURES,TOTAL_PASSENGERS,AVG_PAX_PER_FLIGHT,AVG_FARE,SPILLED_PAX_ERJ145,SPILLED_PAX_ERJ170,SPILLED_PAX_ERJ175,SPILL_COST_ERJ145,SPILL_COST_ERJ170,SPILL_COST_ERJ175
ABE,ORD,10.0,348.0,34.8,201.9191463414634,0.0,0.0,0.0,0.0,0.0,0.0
ABI,DFW,103.0,4588.0,44.54368932038835,197.4678431372549,0.0,0.0,0.0,0.0,0.0,0.0
ABQ,AUS,27.0,1074.0,39.77777777777778,216.6102280130293,0.0,0.0,0.0,0.0,0.0,0.0
ABQ,SAF,1.0,70.0,70.0,,20.0,5.0,0.0,,,
AGS,CLT,21.0,822.0,39.142857142857146,,0.0,0.0,0.0,,,
AGS,DFW,30.0,1271.0,42.36666666666667,272.6259589041096,0.0,0.0,0.0,0.0,0.0,0.0
ALB,ORD,19.0,1085.0,57.10526315789474,244.56333333333336,7.10526315789474,0.0,0.0,1737.686842105264,0.0,0.0
ALO,ORD,37.0,717.0,19.37837837837838,212.6190909090909,0.0,0.0,0.0,0.0,0.0,0.0
ATL,CLT,8.0,374.0,46.75,288.7442857142857,0.0,0.0,0.0,0.0,0.0,0.0
ATL,DCA,52.0,2171.0,41.75,203.54481481481483,0.0,0.0,0.0,0.0,0.0,0.0
ATL,MIA,29.0,1795.0,61.89655172413793,206.7845038167939,11.896551724137929,0.0,0.0,2460.0225454066854,0.0,0.0
ATL,ORD,37.0,2357.0,63.7027027027027,182.672975708502,13.702702702702702,0.0,0.0,2503.1134779516356,0.0,0.0
ATW,CLT,30.0,2000.0,66.66666666666667,296.27923664122136,16.66666666666667,1.6666666666666714,0.0,4937.987277353691,493.79872773537033,0.0
ATW,ORD,49.0,2529.0,51.61224489795919,192.16666666666663,1.6122448979591866,0.0,0.0,309.81972789115696,0.0,0.0
ATW,TYS,1.0,73.0,73.0,287.4166666666667,23.0,8.0,0.0,6610.583333333334,2299.3333333333335,0.0
AUS,ABQ,27.0,1214.0,44.96296296296296,199.14473118279568,0.0,0.0,0.0,0.0,0.0,0.0
AUS,BNA,72.0,3072.0,42.66666666666666,185.46617886178865,0.0,0.0,0.0,0.0,0.0,0.0
AUS,BZN,4.0,130.0,32.5,466.5255,0.0,0.0,0.0,0.0,0.0,0.0
AUS,CVG,31.0,1718.0,55.41935483870968,173.64762910798123,5.41935483870968,0.0,0.0,941.0581190368019,0.0,0.0
AUS,DFW,38.0,1445.0,38.026315789473685,228.6408148148148,0.0,0.0,0.0,0.0,0.0,0.0
AUS,ELP,79.0,3803.0,48.13924050632912,161.10996153846153,0.0,0.0,0.0,0.0,0.0,0.0
AUS,IND,29.0,1547.0,53.3448275862069,219.16068807339448,3.344827586206897,0.0,0.0,733.0547152799747,0.0,0.0
AUS,MCI,25.0,1066.0,42.64,171.99280701754387,0.0,0.0,0.0,0.0,0.0,0.0
AUS,MEM,17.0,536.0,31.529411764705884,198.91672268907564,0.0,0.0,0.0,0.0,0.0,0.0
AUS,MIA,57.0,4040.0,70.87719298245614,297.5020519835841,20.877192982456137,5.877192982456137,0.0,6211.007751937983,1748.4769721842215,0.0
AUS,MSY,82.0,3619.0,44.13414634146341,179.45514762516046,0.0,0.0,0.0,0.0,0.0,0.0
AUS,OKC,38.0,1502.0,39.526315789473685,169.01593220338984,0.0,0.0,0.0,0.0,0.0,0.0
AUS,ORD,58.0,3682.0,63.48275862068966,267.2567024539877,13.482758620689658,0.0,0.0,3603.3576089485937,0.0,0.0
AUS,PSP,31.0,1235.0,39.83870967741935,312.3474812030075,0.0,0.0,0.0,0.0,0.0,0.0
AUS,RDU,55.0,3182.0,57.85454545454545,209.34980842911875,7.854545454545452,0.0,0.0,1644.3475862068958,0.0,0.0
AUS,RNO,39.0,1494.0,38.30769230769231,327.5592405063291,0.0,0.0,0.0,0.0,0.0,0.0
AUS,STL,26.0,1276.0,49.07692307692308,168.67187265917602,0.0,0.0,0.0,0.0,0.0,0.0
AUS,TUL,25.0,676.0,27.04,163.7509433962264,0.0,0.0,0.0,0.0,0.0,0.0
AVL,DFW,29.0,1871.0,64.51724137931035,327.87602564102565,14.517241379310349,0.0,0.0,4759.855406719718,0.0,0.0
AVP,ORD,10.0,433.0,43.3,217.6681355932204,0.0,0.0,0.0,0.0,0.0,0.0
AZO,ORD,50.0,2213.0,44.26,237.25,0.0,0.0,0.0,0.0,0.0,0.0
BDL,DCA,14.0,830.0,59.285714285714285,218.25641025641025,9.285714285714285,0.0,0.0,2026.6666666666663,0.0,0.0
BDL,ORD,28.0,1512.0,54.0,282.9995294117647,4.0,0.0,0.0,1131.9981176470587,0.0,0.0
BFL,PHX,30.0,1270.0,42.333333333333336,239.53325791855204,0.0,0.0,0.0,0.0,0.0,0.0
BFL,SBP,1.0,61.0,61.0,,11.0,0.0,0.0,,,
BGR,DCA,2.0,114.0,57.0,362.0,7.0,0.0,0.0,2534.0,0.0,0.0
BHM,CLT,19.0,1156.0,60.8421052631579,272.9739784946237,10.842105263157897,0.0,0.0,2959.6126089417103,0.0,0.0
BHM,DCA,19.0,742.0,39.05263157894737,234.5677083333333,0.0,0.0,0.0,0.0,0.0,0.0
BHM,DFW,21.0,1381.0,65.76190476190476,259.69464968152863,15.76190476190476,0.7619047619047592,0.0,4093.2823354564744,197.86259023354492,0.0
BHM,MIA,31.0,1798.0,58.0,345.8227586206897,8.0,0.0,0.0,2766.5820689655175,0.0,0.0
BHM,ORD,30.0,1103.0,36.766666666666666,188.73358139534884,0.0,0.0,0.0,0.0,0.0,0.0
BIL,DFW,21.0,1296.0,61.71428571428572,320.9755244755245,11.714285714285722,0.0,0.0,3759.999000999004,0.0,0.0
BIL,PHX,2.0,63.0,31.5,547.5,0.0,0.0,0.0,0.0,0.0,0.0
BIS,DFW,34.0,2006.0,59.0,369.5864,9.0,0.0,0.0,3326.2776000000003,0.0,0.0
BMI,ORD,48.0,1692.0,35.25,265.3333333333333,0.0,0.0,0.0,0.0,0.0,0.0
BNA,AUS,72.0,3330.0,46.25,185.4393699731904,0.0,0.0,0.0,0.0,0.0,0.0
BNA,CLT,8.0,564.0,70.5,120.0356896551724,20.5,5.5,0.0,2460.731637931034,660.1962931034482,0.0
BNA,DCA,39.0,1783.0,45.71794871794872,176.13626016260162,0.0,0.0,0.0,0.0,0.0,0.0
BNA,MIA,32.0,2269.0,70.90625,248.93662420382168,20.90625,5.90625,0.0,5204.331299761147,1470.2819367038219,0.0
BNA,ORD,56.0,3384.0,60.42857142857143,204.2135905511811,10.42857142857143,0.0,0.0,2129.656015748032,0.0,0.0
BNA,PIT,1.0,56.0,56.0,303.948,6.0,0.0,0.0,1823.6879999999999,0.0,0.0
BNA,TPA,55.0,3249.0,59.07272727272727,176.7029393939394,9.07272727272727,0.0,0.0,1603.177577410468,0.0,0.0
BOI,MSO,1.0,64.0,64.0,,14.0,0.0,0.0,,,
BOS,CMH,21.0,852.0,40.57142857142857,205.96245810055865,0.0,0.0,0.0,0.0,0.0,0.0
BOS,CVG,12.0,408.0,34.0,250.5883916083916,0.0,0.0,0.0,0.0,0.0,0.0
BOS,MEM,7.0,234.0,33.42857142857143,284.77058823529416,0.0,0.0,0.0,0.0,0.0,0.0
BOS,ORD,40.0,2617.0,65.425,179.6255587808418,15.424999999999997,0.42499999999999716,0.0,2770.724244194484,76.34086248185726,0.0
BOS,SDF,7.0,320.0,45.71428571428572,307.3646428571428,0.0,0.0,0.0,0.0,0.0,0.0
BOS,STL,9.0,536.0,59.55555555555556,228.36380952380955,9.555555555555557,0.0,0.0,2182.1430687830693,0.0,0.0
BRO,DFW,40.0,2775.0,69.375,285.2636,19.375,4.375,0.0,5526.98225,1248.02825,0.0
BTR,DFW,76.0,4559.0,59.98684210526316,272.436677852349,9.986842105263158,0.0,0.0,2720.782085393854,0.0,0.0
BTR,JAN,1.0,71.0,71.0,,21.0,6.0,0.0,,,
BUF,ORD,27.0,1579.0,58.48148148148148,201.8445977011494,8.481481481481481,0.0,0.0,1711.9412175393782,0.0,0.0
BWI,MIA,1.0,58.0,58.0,283.5,8.0,0.0,0.0,2268.0,0.0,0.0
BWI,ORD,50.0,2297.0,45.94,205.19138392857144,0.0,0.0,0.0,0.0,0.0,0.0
BZN,AUS,4.0,93.0,23.25,373.19,0.0,0.0,0.0,0.0,0.0,0.0
BZN,ORD,22.0,1529.0,69.5,283.82416149068325,19.5,4.5,0.0,5534.571149068323,1277.2087267080747,0.0
CAE,ATL,1.0,58.0,58.0,,8.0,0.0,0.0,,,
CHA,CLT,1.0,56.0,56.0,123.87,6.0,0.0,0.0,743.22,0.0,0.0
CHA,DFW,75.0,4694.0,62.586666666666666,298.901072386059,12.586666666666666,0.0,0.0,3762.1681644325295,0.0,0.0
CHS,DCA,15.0,794.0,52.93333333333333,227.0992477876106,2.93333333333333,0.0,0.0,666.1577935103237,0.0,0.0
CHS,MIA,58.0,3715.0,64.05172413793103,208.9964299424184,14.051724137931032,0.0,0.0,2936.7601793632925,0.0,0.0
CID,DFW,8.0,551.0,68.875,337.4746715328467,18.875,3.875,0.0,6369.834425182481,1307.7143521897808,0.0
CID,ORD,77.0,3322.0,43.142857142857146,199.78021739130435,0.0,0.0,0.0,0.0,0.0,0.0
CLE,ORD,68.0,2558.0,37.61764705882353,193.9043722943723,0.0,0.0,0.0,0.0,0.0,0.0
CLT,AGS,21.0,1042.0,49.61904761904762,306.0,0.0,0.0,0.0,0.0,0.0,0.0
CLT,ATL,8.0,376.0,47.0,313.0,0.0,0.0,0.0,0.0,0.0,0.0
CLT,ATW,31.0,1724.0,55.61290322580645,287.7089256198347,5.612903225806448,0.0,0.0,1614.8823567048778,0.0,0.0
CLT,BHM,19.0,1160.0,61.05263157894737,281.8726666666667,11.05263157894737,0.0,0.0,3115.4347368421063,0.0,0.0
CLT,BNA,8.0,506.0,63.25,173.41,13.25,0.0,0.0,2297.6825,0.0,0.0
CLT,DAY,7.0,297.0,42.42857142857143,165.64,0.0,0.0,0.0,0.0,0.0,0.0
CLT,EYW,2.0,151.0,75.5,298.7646153846154,25.5,10.5,0.0,7618.497692307693,3137.0284615384617,0.0
CLT,GRR,6.0,244.0,40.66666666666666,203.3692307692308,0.0,0.0,0.0,0.0,0.0,0.0
CLT,GSP,20.0,1171.0,58.55,,8.549999999999997,0.0,0.0,,,
CLT,HHH,64.0,3495.0,54.609375,253.0596153846154,4.609375,0.0,0.0,1166.4466646634617,0.0,0.0
CLT,JAX,1.0,67.0,67.0,628.41,17.0,2.0,0.0,10682.97,1256.82,0.0
CLT,MEM,15.0,686.0,45.73333333333333,256.88484848484853,0.0,0.0,0.0,0.0,0.0,0.0
CLT,MSN,6.0,194.0,32.333333333333336,250.4454166666667,0.0,0.0,0.0,0.0,0.0,0.0
CLT,SAV,10.0,630.0,63.0,258.83,13.0,0.0,0.0,3364.79,0.0,0.0
CLT,SGF,66.0,3779.0,57.25757575757576,275.1607471264368,7.257575757575758,0.0,0.0,1996.999967781261,0.0,0.0
CLT,XNA,59.0,3267.0,55.3728813559322,295.08366666666666,5.372881355932201,0.0,0.0,1585.4495310734455,0.0,0.0
CMH,BOS,21.0,769.0,36.61904761904762,213.60093922651933,0.0,0.0,0.0,0.0,0.0,0.0
CMH,DCA,31.0,1088.0,35.096774193548384,174.10388235294118,0.0,0.0,0.0,0.0,0.0,0.0
CMH,MIA,63.0,3904.0,61.96825396825397,288.7955667144907,11.968253968253968,0.0,0.0,3456.3786873448566,0.0,0.0
CMH,ORD,128.0,6719.0,52.4921875,203.76254344391785,2.4921875,0.0,0.0,507.814463739139,0.0,0.0
CMI,DFW,57.0,2650.0,46.49122807017544,267.6708609271523,0.0,0.0,0.0,0.0,0.0,0.0
CMI,ORD,56.0,2133.0,38.08928571428572,223.89,0.0,0.0,0.0,0.0,0.0,0.0
COS,DFW,15.0,913.0,60.86666666666667,232.343661971831,10.866666666666667,0.0,0.0,2524.801126760564,0.0,0.0
COU,DFW,65.0,3986.0,61.323076923076925,213.41308219178083,11.323076923076925,0.0,0.0,2416.492746048473,0.0,0.0
COU,ORD,19.0,813.0,42.78947368421053,204.8116574585636,0.0,0.0,0.0,0.0,0.0,0.0
CRP,DFW,70.0,4160.0,59.42857142857143,266.07100591715977,9.42857142857143,0.0,0.0,2508.6694843617925,0.0,0.0
CVG,AUS,31.0,1563.0,50.41935483870968,164.20884337349398,0.4193548387096797,0.0,0.0,68.86177302759462,0.0,0.0
CVG,BOS,12.0,408.0,34.0,251.2508076923077,0.0,0.0,0.0,0.0,0.0,0.0
CVG,CMH,1.0,54.0,54.0,,4.0,0.0,0.0,,,
CVG,DCA,15.0,710.0,47.333333333333336,157.62974683544303,0.0,0.0,0.0,0.0,0.0,0.0
CVG,MIA,62.0,3939.0,63.53225806451613,292.258036809816,13.532258064516128,0.0,0.0,3954.911175539284,0.0,0.0
CVG,ORD,68.0,3157.0,46.4264705882353,183.0998701298701,0.0,0.0,0.0,0.0,0.0,0.0
CWA,ORD,57.0,2586.0,45.36842105263158,252.7956,0.0,0.0,0.0,0.0,0.0,0.0
DAB,DFW,9.0,487.0,54.11111111111112,272.4835251798561,4.111111111111121,0.0,0.0,1120.2100479616333,0.0,0.0
DAY,CLT,7.0,120.0,17.142857142857142,98.39,0.0,0.0,0.0,0.0,0.0,0.0
DAY,DFW,48.0,2624.0,54.66666666666666,301.38403846153847,4.666666666666657,0.0,0.0,1406.4588461538433,0.0,0.0
DAY,ORD,65.0,2623.0,40.35384615384616,183.58612903225807,0.0,0.0,0.0,0.0,0.0,0.0
DCA,ATL,50.0,1963.0,39.26,193.2810897435897,0.0,0.0,0.0,0.0,0.0,0.0
DCA,BDL,15.0,786.0,52.4,220.28142857142856,2.3999999999999986,0.0,0.0,528.6754285714283,0.0,0.0
DCA,BGR,1.0,50.0,50.0,362.0,0.0,0.0,0.0,0.0,0.0,0.0
DCA,BHM,19.0,869.0,45.73684210526316,253.259649122807,0.0,0.0,0.0,0.0,0.0,0.0
DCA,BNA,41.0,1570.0,38.29268292682927,165.75523121387283,0.0,0.0,0.0,0.0,0.0,0.0
DCA,CAE,1.0,58.0,58.0,192.5,8.0,0.0,0.0,1540.0,0.0,0.0
DCA,CHS,15.0,639.0,42.6,217.2427232142857,0.0,0.0,0.0,0.0,0.0,0.0
DCA,CMH,31.0,1166.0,37.61290322580645,187.93042296072508,0.0,0.0,0.0,0.0,0.0,0.0
DCA,CVG,15.0,757.0,50.46666666666667,173.28241610738257,0.46666666666666856,0.0,0.0,80.86512751677887,0.0,0.0
DCA,DSM,75.0,3383.0,45.10666666666667,246.8586713286713,0.0,0.0,0.0,0.0,0.0,0.0
DCA,GRR,8.0,445.0,55.625,257.5145,5.625,0.0,0.0,1448.5190625,0.0,0.0
DCA,GSO,18.0,913.0,50.72222222222222,202.1515151515152,0.7222222222222214,0.0,0.0,145.99831649831637,0.0,0.0
DCA,GSP,6.0,357.0,59.5,189.03666666666663,9.5,0.0,0.0,1795.848333333333,0.0,0.0
DCA,HSV,9.0,315.0,35.0,299.22554455445544,0.0,0.0,0.0,0.0,0.0,0.0
DCA,LIT,30.0,1428.0,47.6,277.3811400651465,0.0,0.0,0.0,0.0,0.0,0.0
DCA,MSP,1.0,34.0,34.0,,0.0,0.0,0.0,,,
DCA,SDF,6.0,351.0,58.5,232.0354545454545,8.5,0.0,0.0,1972.3013636363635,0.0,0.0
DCA,SYR,21.0,942.0,44.85714285714285,183.45677966101687,0.0,0.0,0.0,0.0,0.0,0.0
DCA,TLH,22.0,682.0,31.0,268.73551020408166,0.0,0.0,0.0,0.0,0.0,0.0
DCA,VPS,8.0,305.0,38.125,192.40263157894736,0.0,0.0,0.0,0.0,0.0,0.0
DCA,XNA,29.0,1120.0,38.62068965517241,280.1218260869565,0.0,0.0,0.0,0.0,0.0,0.0
DFW,ABI,105.0,4768.0,45.40952380952381,212.22758620689652,0.0,0.0,0.0,0.0,0.0,0.0
DFW,AGS,30.0,1747.0,58.23333333333333,288.8588028169014,8.233333333333327,0.0,0.0,2378.270809859153,0.0,0.0
DFW,AUS,38.0,1995.0,52.5,207.6916326530612,2.5,0.0,0.0,519.229081632653,0.0,0.0
DFW,AVL,30.0,1921.0,64.03333333333333,321.7571555555556,14.033333333333331,0.0,0.0,4515.325416296296,0.0,0.0
DFW,BHM,20.0,1010.0,50.5,256.465421686747,0.5,0.0,0.0,128.2327108433735,0.0,0.0
DFW,BIL,21.0,1263.0,60.142857142857146,331.21414285714286,10.142857142857146,0.0,0.0,3359.4577346938786,0.0,0.0
DFW,BIS,33.0,1951.0,59.121212121212125,397.49304347826086,9.121212121212125,0.0,0.0,3625.618366271411,0.0,0.0
DFW,BOI,1.0,64.0,64.0,369.1675,14.0,0.0,0.0,5168.345,0.0,0.0
DFW,BRO,40.0,1743.0,43.575,263.5622695035461,0.0,0.0,0.0,0.0,0.0,0.0
DFW,BTR,77.0,4702.0,61.06493506493506,288.2474086378738,11.064935064935057,0.0,0.0,3189.4388592138735,0.0,0.0
DFW,CHA,75.0,4541.0,60.54666666666667,308.3154907161804,10.546666666666667,0.0,0.0,3251.700708753316,0.0,0.0
DFW,CID,8.0,446.0,55.75,315.0579194630872,5.75,0.0,0.0,1811.5830369127516,0.0,0.0
DFW,CMI,56.0,2873.0,51.30357142857143,305.5677551020408,1.3035714285714306,0.0,0.0,398.32939504373235,0.0,0.0
DFW,COS,15.0,1012.0,67.46666666666667,234.43893333333327,17.46666666666667,2.4666666666666686,0.0,4094.8667022222216,578.2827022222225,0.0
DFW,COU,65.0,4200.0,64.61538461538461,222.04942446043165,14.615384615384613,0.0,0.0,3245.337742114001,0.0,0.0
DFW,CRP,69.0,3945.0,57.17391304347826,269.1804411764706,7.173913043478258,0.0,0.0,1931.0770780051143,0.0,0.0
DFW,DAB,9.0,472.0,52.44444444444444,290.0673643410853,2.444444444444443,0.0,0.0,709.053557278208,0.0,0.0
DFW,DAY,47.0,3007.0,63.97872340425532,306.7329192546584,13.97872340425532,0.0,0.0,4287.73463724065,0.0,0.0
DFW,DRO,53.0,2659.0,50.16981132075472,298.22542372881355,0.16981132075471805,0.0,0.0,50.642053086025264,0.0,0.0
DFW,DSM,1.0,44.0,44.0,166.3538095238095,0.0,0.0,0.0,0.0,0.0,0.0
DFW,ECP,37.0,2307.0,62.35135135135136,233.50505494505487,12.351351351351362,0.0,0.0,2884.1029759429775,0.0,0.0
DFW,ELP,15.0,938.0,62.53333333333333,220.2538,12.533333333333331,0.0,0.0,2760.514293333333,0.0,0.0
DFW,EVV,38.0,1622.0,42.68421052631579,341.97006993006994,0.0,0.0,0.0,0.0,0.0,0.0
DFW,FAR,42.0,2668.0,63.523809523809526,330.0138235294118,13.523809523809526,0.0,0.0,4463.044089635856,0.0,0.0
DFW,FAT,1.0,55.0,55.0,270.55,5.0,0.0,0.0,1352.75,0.0,0.0
DFW,FAY,30.0,1881.0,62.7,273.53801587301587,12.700000000000003,0.0,0.0,3473.9328015873025,0.0,0.0
DFW,FSD,44.0,2790.0,63.40909090909091,293.20464646464643,13.409090909090907,0.0,0.0,3931.6077594123035,0.0,0.0
DFW,FSM,39.0,2327.0,59.66666666666666,235.1065573770492,9.666666666666657,0.0,0.0,2272.6967213114735,0.0,0.0
DFW,GJT,69.0,3292.0,47.71014492753624,291.60124223602486,0.0,0.0,0.0,0.0,0.0,0.0
DFW,GNV,29.0,1741.0,60.03448275862069,355.2441666666667,10.03448275862069,0.0,0.0,3564.691465517242,0.0,0.0
DFW,GPT,40.0,2305.0,57.625,260.635756097561,7.625,0.0,0.0,1987.3476402439026,0.0,0.0
DFW,GRK,41.0,1213.0,29.585365853658537,158.10875,0.0,0.0,0.0,0.0,0.0,0.0
DFW,GRR,28.0,1730.0,61.785714285714285,321.47535714285715,11.785714285714285,0.0,0.0,3788.816709183673,0.0,0.0
DFW,HOU,28.0,1655.0,59.10714285714285,173.06377245508983,9.107142857142847,0.0,0.0,1576.1164991445664,0.0,0.0
DFW,HRL,75.0,3668.0,48.906666666666666,203.0167018469657,0.0,0.0,0.0,0.0,0.0,0.0
DFW,HSV,43.0,1972.0,45.86046511627907,353.3565454545455,0.0,0.0,0.0,0.0,0.0,0.0
DFW,ICT,40.0,2344.0,58.6,288.1687671232877,8.600000000000001,0.0,0.0,2478.2513972602746,0.0,0.0
DFW,IND,6.0,332.0,55.333333333333336,283.59593406593405,5.333333333333336,0.0,0.0,1512.511648351649,0.0,0.0
DFW,JAN,69.0,4215.0,61.08695652173913,273.17483870967743,11.086956521739133,0.0,0.0,3028.677559607294,0.0,0.0
DFW,LBB,65.0,4134.0,63.6,214.1844378698225,13.600000000000001,0.0,0.0,2912.9083550295863,0.0,0.0
DFW,LCH,9.0,221.0,24.55555555555556,183.7055056179776,0.0,0.0,0.0,0.0,0.0,0.0
DFW,LEX,76.0,4129.0,54.328947368421055,347.0165171503958,4.328947368421055,0.0,0.0,1502.216238716846,0.0,0.0
DFW,LFT,85.0,3617.0,42.55294117647059,246.01916666666668,0.0,0.0,0.0,0.0,0.0,0.0
DFW,LIT,103.0,6935.0,67.33009708737865,236.80394265232977,17.330097087378647,2.330097087378647,0.0,4103.83531683892,551.7761770539737,0.0
DFW,LRD,1.0,76.0,76.0,254.14,26.0,11.0,0.0,6607.639999999999,2795.54,0.0
DFW,MAF,89.0,5003.0,56.21348314606742,245.5094350282486,6.213483146067418,0.0,0.0,1525.4687367485562,0.0,0.0
DFW,MGM,58.0,3421.0,58.98275862068966,298.1860550458716,8.982758620689658,0.0,0.0,2678.533356532744,0.0,0.0
DFW,MHK,63.0,3726.0,59.142857142857146,249.52838095238096,9.142857142857146,0.0,0.0,2281.402340136055,0.0,0.0
DFW,MLI,18.0,1035.0,57.5,285.11311557788946,7.5,0.0,0.0,2138.348366834171,0.0,0.0
DFW,MOB,58.0,3268.0,56.3448275862069,243.08149758454107,6.344827586206897,0.0,0.0,1542.3101915708812,0.0,0.0
DFW,MRY,59.0,3132.0,53.08474576271186,325.2867777777778,3.0847457627118615,0.0,0.0,1003.4270094161949,0.0,0.0
DFW,MSN,8.0,434.0,54.25,325.2090666666667,4.25,0.0,0.0,1382.1385333333333,0.0,0.0
DFW,MSO,21.0,1084.0,51.61904761904762,300.61325301204823,1.6190476190476204,0.0,0.0,486.7071715433166,0.0,0.0
DFW,MYR,2.0,127.0,63.5,328.04016949152543,13.5,0.0,0.0,4428.5422881355935,0.0,0.0
DFW,OKC,13.0,935.0,71.92307692307692,264.75,21.92307692307692,6.92307692307692,0.0,5804.134615384614,1832.8846153846146,0.0
DFW,OMA,1.0,61.0,61.0,208.538125,11.0,0.0,0.0,2293.919375,0.0,0.0
DFW,ORD,1.0,57.0,57.0,242.4849504950495,7.0,0.0,0.0,1697.3946534653464,0.0,0.0
DFW,PIA,22.0,1246.0,56.63636363636363,269.273984962406,6.636363636363633,0.0,0.0,1787.000082023239,0.0,0.0
DFW,PNS,20.0,1452.0,72.6,262.70907407407407,22.599999999999994,7.599999999999994,0.0,5937.225074074073,1996.5889629629614,0.0
DFW,RAP,61.0,3669.0,60.14754098360656,307.764824120603,10.14754098360656,0.0,0.0,3123.056166076284,0.0,0.0
DFW,SDF,33.0,2080.0,63.03030303030303,241.9228421052632,13.030303030303031,0.0,0.0,3152.3279425837327,0.0,0.0
DFW,SGF,184.0,10154.0,55.18478260869565,292.9804696132597,5.184782608695649,0.0,0.0,1519.0400435383128,0.0,0.0
DFW,SHV,61.0,3163.0,51.85245901639344,246.34642857142856,1.8524590163934391,0.0,0.0,456.3466627634652,0.0,0.0
DFW,SJT,36.0,1799.0,49.97222222222222,248.19323076923075,0.0,0.0,0.0,0.0,0.0,0.0
DFW,STL,8.0,503.0,62.875,243.343137254902,12.875,0.0,0.0,3133.042892156863,0.0,0.0
DFW,STS,9.0,475.0,52.77777777777778,317.8760839160839,2.7777777777777786,0.0,0.0,882.9891219891223,0.0,0.0
DFW,TLH,52.0,3204.0,61.61538461538461,312.2073953488372,11.615384615384613,0.0,0.0,3626.4089767441856,0.0,0.0
DFW,TRI,11.0,603.0,54.81818181818182,270.2738888888889,4.81818181818182,0.0,0.0,1302.2287373737379,0.0,0.0
DFW,TUL,4.0,281.0,70.25,201.8156338028169,20.25,5.25,0.0,4086.7665845070424,1059.5320774647887,0.0
DFW,VPS,5.0,297.0,59.4,257.98774336283185,9.399999999999999,0.0,0.0,2425.084787610619,0.0,0.0
DFW,XNA,132.0,8379.0,63.47727272727273,267.96504405286345,13.477272727272727,0.0,0.0,3611.437980076091,0.0,0.0
DRO,DFW,52.0,2609.0,50.17307692307692,305.2980844155844,0.1730769230769198,0.0,0.0,52.84005307192707,0.0,0.0
DSM,CID,1.0,50.0,50.0,,0.0,0.0,0.0,,,
DSM,DCA,75.0,3209.0,42.78666666666667,266.04299270072994,0.0,0.0,0.0,0.0,0.0,0.0
DSM,MHK,1.0,44.0,44.0,,0.0,0.0,0.0,,,
DSM,MIA,4.0,285.0,71.25,279.3323404255319,21.25,6.25,0.0,5935.812234042553,1745.8271276595744,0.0
DSM,ORD,54.0,2908.0,53.851851851851855,228.1251111111111,3.8518518518518547,0.0,0.0,878.7041316872434,0.0,0.0
DTW,AZO,1.0,41.0,41.0,,0.0,0.0,0.0,,,
DTW,ORD,47.0,1817.0,38.659574468085104,189.15752475247524,0.0,0.0,0.0,0.0,0.0,0.0
ECP,DFW,38.0,2344.0,61.68421052631579,228.7478350515464,11.684210526315788,0.0,0.0,2672.737862181226,0.0,0.0
ELP,AUS,78.0,3511.0,45.01282051282051,165.83599264705882,0.0,0.0,0.0,0.0,0.0,0.0
ELP,DFW,15.0,1064.0,70.93333333333334,248.53727272727272,20.933333333333337,5.933333333333337,0.0,5202.713575757577,1474.6544848484857,0.0
EVV,DFW,39.0,1432.0,36.71794871794872,313.5485185185185,0.0,0.0,0.0,0.0,0.0,0.0
EWR,ORD,9.0,639.0,71.0,174.0311111111111,21.0,6.0,0.0,3654.653333333333,1044.1866666666665,0.0
EYW,CLT,2.0,115.0,57.5,296.326,7.5,0.0,0.0,2222.445,0.0,0.0
EYW,DCA,1.0,56.0,56.0,357.9945341614907,6.0,0.0,0.0,2147.9672049689443,0.0,0.0
EYW,MIA,97.0,5704.0,58.8041237113402,259.918,8.804123711340203,0.0,0.0,2288.350226804123,0.0,0.0
EYW,ORD,9.0,558.0,62.0,327.05573584905665,12.0,0.0,0.0,3924.6688301886797,0.0,0.0
FAR,DFW,41.0,2629.0,64.1219512195122,321.8102898550724,14.121951219512198,0.0,0.0,4544.589215270414,0.0,0.0
FAR,ORD,68.0,2888.0,42.47058823529412,243.95197674418603,0.0,0.0,0.0,0.0,0.0,0.0
FAR,PHX,22.0,1230.0,55.90909090909091,281.94157894736844,5.9090909090909065,0.0,0.0,1666.018421052631,0.0,0.0
FAT,MRY,1.0,55.0,55.0,,5.0,0.0,0.0,,,
FAY,DFW,30.0,1545.0,51.5,261.1037323943662,1.5,0.0,0.0,391.6555985915493,0.0,0.0
FNT,ORD,58.0,2485.0,42.8448275862069,237.0041176470588,0.0,0.0,0.0,0.0,0.0,0.0
FSD,DFW,44.0,2957.0,67.20454545454545,310.2501030927835,17.204545454545453,2.2045454545454533,0.0,5337.7120009372065,683.9604545454541,0.0
FSD,ORD,70.0,2680.0,38.285714285714285,193.4364444444444,0.0,0.0,0.0,0.0,0.0,0.0
FSM,DFW,39.0,1747.0,44.7948717948718,227.7252631578948,0.0,0.0,0.0,0.0,0.0,0.0
FWA,ORD,9.0,358.0,39.77777777777778,137.96833333333333,0.0,0.0,0.0,0.0,0.0,0.0
GJT,DFW,69.0,3823.0,55.40579710144928,289.79648936170213,5.405797101449281,0.0,0.0,1566.5810222016667,0.0,0.0
GJT,PHX,31.0,1591.0,51.32258064516129,244.64509803921567,1.3225806451612883,0.0,0.0,323.5628716002525,0.0,0.0
GNV,DFW,30.0,1778.0,59.266666666666666,342.4853623188406,9.266666666666666,0.0,0.0,3173.697690821256,0.0,0.0
GNV,MIA,29.0,910.0,31.379310344827587,231.2970149253732,0.0,0.0,0.0,0.0,0.0,0.0
GPT,DFW,41.0,2345.0,57.19512195121951,264.24028985507243,7.195121951219512,0.0,0.0,1901.2411099328383,0.0,0.0
GRB,ORD,54.0,2749.0,50.907407407407405,176.71428571428572,0.9074074074074048,0.0,0.0,160.3518518518514,0.0,0.0
GRK,DFW,41.0,2096.0,51.1219512195122,261.57142857142856,1.121951219512198,0.0,0.0,293.470383275262,0.0,0.0
GRR,CLT,6.0,262.0,43.66666666666666,296.4392307692308,0.0,0.0,0.0,0.0,0.0,0.0
GRR,DCA,8.0,418.0,52.25,374.4634615384615,2.25,0.0,0.0,842.5427884615384,0.0,0.0
GRR,DFW,29.0,1918.0,66.13793103448276,326.0547080291971,16.13793103448276,1.1379310344827616,0.0,5261.848391643596,371.02777120563906,0.0
GRR,MIA,4.0,294.0,73.5,335.07475,23.5,8.5,0.0,7874.256625,2848.135375,0.0
GRR,ORD,78.0,4271.0,54.756410256410255,244.7348484848485,4.7564102564102555,0.0,0.0,1164.0593434343432,0.0,0.0
GSO,DCA,18.0,614.0,34.111111111111114,193.67451612903224,0.0,0.0,0.0,0.0,0.0,0.0
GSO,MIA,31.0,2075.0,66.93548387096774,319.41425531914894,16.935483870967744,1.9354838709677438,0.0,5409.43496911462,618.2211393273856,0.0
GSO,ORD,59.0,1822.0,30.88135593220339,180.76088825214904,0.0,0.0,0.0,0.0,0.0,0.0
GSP,CLT,20.0,1290.0,64.5,,14.5,0.0,0.0,,,
GSP,DCA,6.0,176.0,29.33333333333333,228.8333333333333,0.0,0.0,0.0,0.0,0.0,0.0
GSP,MIA,31.0,1968.0,63.483870967741936,288.46398907103827,13.483870967741936,0.0,0.0,3889.611207474,0.0,0.0
GSP,ORD,28.0,1381.0,49.32142857142857,200.8931188118812,0.0,0.0,0.0,0.0,0.0,0.0
HHH,CLT,65.0,3771.0,58.01538461538462,190.52472222222224,8.015384615384619,0.0,0.0,1527.128927350428,0.0,0.0
HOU,DFW,28.0,1614.0,57.642857142857146,169.47517441860464,7.642857142857146,0.0,0.0,1295.274547342193,0.0,0.0
HOU,MIA,1.0,0.0,0.0,284.58,0.0,0.0,0.0,0.0,0.0,0.0
HPN,MIA,21.0,1148.0,54.66666666666666,184.73150851581508,4.666666666666657,0.0,0.0,862.080373073802,0.0,0.0
HPN,ORD,58.0,2006.0,34.58620689655172,190.532,0.0,0.0,0.0,0.0,0.0,0.0
HRL,BRO,1.0,32.0,32.0,,0.0,0.0,0.0,,,
HRL,DFW,74.0,4750.0,64.1891891891892,209.8238043478261,14.189189189189193,0.0,0.0,2977.2296562867223,0.0,0.0
HSV,BHM,1.0,76.0,76.0,,26.0,11.0,0.0,,,
HSV,DCA,8.0,300.0,37.5,282.9665686274509,0.0,0.0,0.0,0.0,0.0,0.0
HSV,DFW,43.0,2232.0,51.906976744186046,349.8740306122449,1.9069767441860463,0.0,0.0,667.2016397721878,0.0,0.0
HSV,ORD,8.0,329.0,41.125,177.50799999999998,0.0,0.0,0.0,0.0,0.0,0.0
IAH,MIA,50.0,3478.0,69.56,271.04060402684564,19.560000000000002,4.560000000000002,0.0,5301.554214765101,1235.9451543624168,0.0
IAH,ORD,31.0,1846.0,59.54838709677419,202.82629139072847,9.548387096774192,0.0,0.0,1936.6639436017942,0.0,0.0
ICT,DFW,38.0,2247.0,59.13157894736842,266.835838150289,9.131578947368418,0.0,0.0,2436.632522056586,0.0,0.0
ICT,MHK,2.0,69.0,34.5,,0.0,0.0,0.0,,,
ICT,ORD,67.0,2717.0,40.55223880597015,212.9117777777778,0.0,0.0,0.0,0.0,0.0,0.0
IND,AUS,29.0,1671.0,57.62068965517241,220.59582338902143,7.620689655172413,0.0,0.0,1681.0923092749563,0.0,0.0
IND,DCA,1.0,33.0,33.0,162.03333333333333,0.0,0.0,0.0,0.0,0.0,0.0
IND,DFW,6.0,187.0,31.166666666666668,306.2475294117648,0.0,0.0,0.0,0.0,0.0,0.0
IND,MIA,30.0,1795.0,59.833333333333336,283.8183274021352,9.833333333333336,0.0,0.0,2790.88021945433,0.0,0.0
IND,ORD,52.0,2580.0,49.61538461538461,237.88965753424657,0.0,0.0,0.0,0.0,0.0,0.0
JAN,DFW,69.0,4273.0,61.927536231884055,267.472693877551,11.927536231884055,0.0,0.0,3190.290247264122,0.0,0.0
JAN,GPT,1.0,48.0,48.0,,0.0,0.0,0.0,,,
JAX,HHH,1.0,67.0,67.0,,17.0,2.0,0.0,,,
JAX,MIA,128.0,6394.0,49.953125,261.85684615384616,0.0,0.0,0.0,0.0,0.0,0.0
JAX,ORD,3.0,219.0,73.0,259.99583333333334,23.0,8.0,0.0,5979.904166666667,2079.9666666666667,0.0
LAN,ORD,47.0,1655.0,35.212765957446805,273.46875,0.0,0.0,0.0,0.0,0.0,0.0
LBB,DFW,66.0,3428.0,51.93939393939394,212.28232673267323,1.9393939393939377,0.0,0.0,411.69905790579014,0.0,0.0
LBB,PHX,31.0,1678.0,54.12903225806452,272.6146,4.12903225806452,0.0,0.0,1125.6344774193558,0.0,0.0
LCH,DFW,9.0,415.0,46.11111111111112,190.25934065934064,0.0,0.0,0.0,0.0,0.0,0.0
LEX,CMI,1.0,17.0,17.0,394.0,0.0,0.0,0.0,0.0,0.0,0.0
LEX,DFW,77.0,3864.0,50.18181818181818,349.865,0.18181818181817988,0.0,0.0,63.611818181817505,0.0,0.0
LEX,ORD,57.0,1889.0,33.14035087719298,164.30439153439153,0.0,0.0,0.0,0.0,0.0,0.0
LFT,DFW,84.0,4436.0,52.80952380952381,250.93886699507388,2.80952380952381,0.0,0.0,705.0187215575887,0.0,0.0
LIT,DCA,30.0,1135.0,37.833333333333336,271.1667041198502,0.0,0.0,0.0,0.0,0.0,0.0
LIT,DFW,103.0,6640.0,64.46601941747574,212.31176470588235,14.466019417475735,0.0,0.0,3071.306110793834,0.0,0.0
LIT,MIA,1.0,57.0,57.0,311.8831818181818,7.0,0.0,0.0,2183.182272727273,0.0,0.0
LIT,ORD,67.0,2520.0,37.61194029850746,237.21236526946103,0.0,0.0,0.0,0.0,0.0,0.0
LRD,CRP,1.0,76.0,76.0,,26.0,11.0,0.0,,,
LSE,ORD,19.0,856.0,45.05263157894737,217.08973684210525,0.0,0.0,0.0,0.0,0.0,0.0
MAF,DFW,88.0,5484.0,62.31818181818182,233.9435457063712,12.31818181818182,0.0,0.0,2881.759131201209,0.0,0.0
MAF,PHX,21.0,1044.0,49.71428571428572,277.4425,0.0,0.0,0.0,0.0,0.0,0.0
MCI,AUS,25.0,1276.0,51.04,176.04125,1.0399999999999991,0.0,0.0,183.08289999999985,0.0,0.0
MCI,CMI,1.0,42.0,42.0,318.7341666666667,0.0,0.0,0.0,0.0,0.0,0.0
MCI,ORD,64.0,3600.0,56.25,203.3317127071823,6.25,0.0,0.0,1270.8232044198894,0.0,0.0
MEM,AUS,17.0,295.0,17.352941176470587,194.04743697478992,0.0,0.0,0.0,0.0,0.0,0.0
MEM,BOS,7.0,305.0,43.57142857142857,350.50839999999994,0.0,0.0,0.0,0.0,0.0,0.0
MEM,CLT,15.0,746.0,49.73333333333333,244.47968253968253,0.0,0.0,0.0,0.0,0.0,0.0
MEM,ORD,79.0,2873.0,36.36708860759494,201.88630350194552,0.0,0.0,0.0,0.0,0.0,0.0
MGM,DFW,58.0,3379.0,58.25862068965517,295.65330508474574,8.258620689655167,0.0,0.0,2441.688502337812,0.0,0.0
MHK,DFW,65.0,3780.0,58.15384615384615,208.22496062992127,8.153846153846153,0.0,0.0,1697.8342943670502,0.0,0.0
MHK,ORD,58.0,1785.0,30.77586206896552,227.44715686274512,0.0,0.0,0.0,0.0,0.0,0.0
MIA,ATL,29.0,1947.0,67.13793103448276,213.25953846153848,17.13793103448276,2.1379310344827616,0.0,3654.8272625994705,455.93418567639327,0.0
MIA,AUS,57.0,3834.0,67.26315789473684,306.8696296296296,17.263157894736835,2.2631578947368354,0.0,5297.538869395709,694.4944249512649,0.0
MIA,BHM,31.0,1882.0,60.70967741935484,335.7208865248227,10.70967741935484,0.0,0.0,3595.4623976206817,0.0,0.0
MIA,BNA,33.0,2378.0,72.06060606060606,254.700112,22.060606060606062,7.060606060606062,0.0,5618.838834424243,1798.3371544242427,0.0
MIA,BWI,1.0,69.0,69.0,361.0,19.0,4.0,0.0,6859.0,1444.0,0.0
MIA,CHS,57.0,3989.0,69.98245614035088,232.4027766179541,19.982456140350877,4.982456140350877,0.0,4643.97829066403,1157.9366413947184,0.0
MIA,CMH,62.0,4261.0,68.7258064516129,322.78643185298625,18.725806451612897,3.725806451612897,0.0,6044.436248085756,1202.6397702909628,0.0
MIA,CVG,61.0,4093.0,67.09836065573771,302.10386649874056,17.098360655737707,2.0983606557377072,0.0,5165.480864888303,633.922867407194,0.0
MIA,DSM,4.0,259.0,64.75,275.47395348837205,14.75,0.0,0.0,4063.2408139534878,0.0,0.0
MIA,EYW,97.0,4206.0,43.36082474226804,233.9837168141593,0.0,0.0,0.0,0.0,0.0,0.0
MIA,GNV,30.0,1510.0,50.333333333333336,235.83443609022555,0.3333333333333357,0.0,0.0,78.61147869674241,0.0,0.0
MIA,GRR,4.0,284.0,71.0,251.2596428571429,21.0,6.0,0.0,5276.4525,1507.5578571428573,0.0
MIA,GSO,31.0,1926.0,62.12903225806452,318.7234,12.12903225806452,0.0,0.0,3865.8064000000013,0.0,0.0
MIA,GSP,31.0,1874.0,60.45161290322581,297.0683251231527,10.451612903225808,0.0,0.0,3104.843139996822,0.0,0.0
MIA,HOU,1.0,74.0,74.0,358.42,24.0,9.0,0.0,8602.08,3225.78,0.0
MIA,HPN,22.0,1091.0,49.59090909090909,183.24322834645668,0.0,0.0,0.0,0.0,0.0,0.0
MIA,IAH,50.0,3584.0,71.68,276.73423529411764,21.680000000000007,6.680000000000007,0.0,5999.598221176472,1848.5846917647077,0.0
MIA,IND,29.0,2104.0,72.55172413793103,311.3850370370371,22.551724137931032,7.551724137931032,0.0,7022.269455938697,2351.4939003831414,0.0
MIA,JAX,127.0,7664.0,60.346456692913385,281.2192271662764,10.346456692913385,0.0,0.0,2909.6225550904505,0.0,0.0
MIA,LIT,1.0,71.0,71.0,291.438,21.0,6.0,0.0,6120.197999999999,1748.628,0.0
MIA,MSN,4.0,273.0,68.25,273.63265625,18.25,3.25,0.0,4993.7959765625,889.3061328125001,0.0
MIA,MSY,25.0,1862.0,74.48,317.0983947939262,24.480000000000004,9.480000000000004,0.0,7762.568704555315,3006.0927826464217,0.0
MIA,PNS,80.0,4725.0,59.0625,272.4353475935829,9.0625,0.0,0.0,2468.945337566845,0.0,0.0
MIA,PVD,3.0,183.0,61.0,134.454,11.0,0.0,0.0,1478.9940000000001,0.0,0.0
MIA,RDU,32.0,2285.0,71.40625,235.2711136890952,21.40625,6.40625,0.0,5036.2722774071935,1507.205572070766,0.0
MIA,ROC,4.0,271.0,67.75,302.1025806451613,17.75,2.75,0.0,5362.320806451613,830.7820967741936,0.0
MIA,SAV,46.0,2492.0,54.17391304347826,262.17990543735226,4.173913043478258,0.0,0.0,1094.316127042861,0.0,0.0
MIA,SYR,1.0,73.0,73.0,311.8104347826087,23.0,8.0,0.0,7171.64,2494.4834782608696,0.0
MIA,TLH,91.0,4732.0,52.0,317.94453855878635,2.0,0.0,0.0,635.8890771175727,0.0,0.0
MIA,TPA,22.0,1365.0,62.04545454545455,232.5214110429448,12.045454545454547,0.0,0.0,2800.8260875627448,0.0,0.0
MIA,TYS,31.0,1969.0,63.516129032258064,268.57094594594594,13.516129032258064,0.0,0.0,3630.0395597210113,0.0,0.0
MIA,XNA,29.0,1527.0,52.6551724137931,331.2354954954955,2.655172413793103,0.0,0.0,879.4873501087294,0.0,0.0
MKE,ORD,36.0,1752.0,48.66666666666666,249.66666666666663,0.0,0.0,0.0,0.0,0.0,0.0
MLI,AZO,1.0,37.0,37.0,,0.0,0.0,0.0,,,
MLI,DFW,19.0,1141.0,60.05263157894737,275.22740566037737,10.05263157894737,0.0,0.0,2766.7597095332676,0.0,0.0
MLI,ORD,49.0,1887.0,38.51020408163265,172.64705882352942,0.0,0.0,0.0,0.0,0.0,0.0
MOB,DFW,58.0,2959.0,51.01724137931034,241.8051904761905,1.0172413793103416,0.0,0.0,245.9742454843999,0.0,0.0
MQT,ORD,35.0,1462.0,41.77142857142857,196.4307894736842,0.0,0.0,0.0,0.0,0.0,0.0
MRY,DFW,60.0,3216.0,53.6,333.9289247311828,3.6000000000000014,0.0,0.0,1202.1441290322587,0.0,0.0
MRY,PHX,50.0,2946.0,58.92,311.24048192771085,8.920000000000002,0.0,0.0,2776.265098795181,0.0,0.0
MSN,CLT,6.0,155.0,25.83333333333333,304.48592592592587,0.0,0.0,0.0,0.0,0.0,0.0
MSN,DFW,8.0,503.0,62.875,312.27542857142856,12.875,0.0,0.0,4020.546142857143,0.0,0.0
MSN,MIA,4.0,293.0,73.25,289.41316666666665,23.25,8.25,0.0,6728.856124999999,2387.658625,0.0
MSN,ORD,85.0,4573.0,53.8,145.58285714285714,3.799999999999997,0.0,0.0,553.2148571428567,0.0,0.0
MSN,PHX,1.0,52.0,52.0,330.09476190476187,2.0,0.0,0.0,660.1895238095237,0.0,0.0
MSO,DFW,22.0,1360.0,61.81818181818182,282.8014457831325,11.81818181818182,0.0,0.0,3342.1989047097486,0.0,0.0
MSP,DCA,1.0,69.0,69.0,141.22,19.0,4.0,0.0,2683.18,564.88,0.0
MSP,ORD,53.0,2623.0,49.490566037735846,196.83037735849052,0.0,0.0,0.0,0.0,0.0,0.0
MSY,AUS,82.0,3731.0,45.5,179.49836787564766,0.0,0.0,0.0,0.0,0.0,0.0
MSY,MIA,25.0,1778.0,71.12,323.6590020790021,21.120000000000005,6.1200000000000045,0.0,6835.678123908526,1980.7930927234943,0.0
MSY,ORD,19.0,1051.0,55.31578947368421,226.189552238806,5.315789473684212,0.0,0.0,1202.3760408483902,0.0,0.0
MYR,DFW,2.0,134.0,67.0,306.7924242424242,17.0,2.0,0.0,5215.4712121212115,613.5848484848484,0.0
OKC,AUS,37.0,932.0,25.18918918918919,166.46745098039216,0.0,0.0,0.0,0.0,0.0,0.0
OKC,DFW,13.0,527.0,40.53846153846154,219.98375,0.0,0.0,0.0,0.0,0.0,0.0
OKC,ORD,64.0,2738.0,42.78125,213.3661870503597,0.0,0.0,0.0,0.0,0.0,0.0
OKC,SPI,1.0,38.0,38.0,,0.0,0.0,0.0,,,
OMA,FSD,1.0,61.0,61.0,,11.0,0.0,0.0,,,
OMA,ORD,36.0,1961.0,54.47222222222222,192.5893023255814,4.472222222222221,0.0,0.0,861.3021576227388,0.0,0.0
ORD,ABE,9.0,286.0,31.77777777777778,190.9290243902439,0.0,0.0,0.0,0.0,0.0,0.0
ORD,ALB,18.0,932.0,51.77777777777778,202.77,1.7777777777777786,0.0,0.0,360.4800000000002,0.0,0.0
ORD,ALO,37.0,500.0,13.513513513513514,185.4008333333333,0.0,0.0,0.0,0.0,0.0,0.0
ORD,ATL,37.0,2227.0,60.18918918918919,172.68897091722596,10.189189189189193,0.0,0.0,1759.5605955620058,0.0,0.0
ORD,ATW,49.0,2277.0,46.46938775510204,202.8095238095238,0.0,0.0,0.0,0.0,0.0,0.0
ORD,AUS,57.0,3067.0,53.80701754385965,261.15303074670567,3.8070175438596507,0.0,0.0,994.2141696848273,0.0,0.0
ORD,AVP,9.0,365.0,40.55555555555556,223.37859649122808,0.0,0.0,0.0,0.0,0.0,0.0
ORD,AZO,48.0,2064.0,43.0,190.94444444444449,0.0,0.0,0.0,0.0,0.0,0.0
ORD,BDL,28.0,1657.0,59.17857142857143,271.49630136986303,9.17857142857143,0.0,0.0,2491.9481947162435,0.0,0.0
ORD,BHM,30.0,1018.0,33.93333333333333,198.26399103139013,0.0,0.0,0.0,0.0,0.0,0.0
ORD,BMI,47.0,1452.0,30.8936170212766,247.66666666666663,0.0,0.0,0.0,0.0,0.0,0.0
ORD,BNA,57.0,3201.0,56.1578947368421,198.88169254658385,6.157894736842103,0.0,0.0,1224.692527786858,0.0,0.0
ORD,BOS,39.0,2289.0,58.69230769230769,174.32633440514468,8.692307692307693,0.0,0.0,1515.2981375216425,0.0,0.0
ORD,BUF,26.0,1185.0,45.57692307692308,203.67311827956988,0.0,0.0,0.0,0.0,0.0,0.0
ORD,BWI,51.0,2470.0,48.431372549019606,200.89727642276424,0.0,0.0,0.0,0.0,0.0,0.0
ORD,BZN,22.0,1174.0,53.36363636363637,276.4031847133758,3.363636363636367,0.0,0.0,929.7198031268105,0.0,0.0
ORD,CID,76.0,3277.0,43.11842105263158,233.1577551020408,0.0,0.0,0.0,0.0,0.0,0.0
ORD,CLE,69.0,2277.0,33.0,197.93327067669173,0.0,0.0,0.0,0.0,0.0,0.0
ORD,CLT,1.0,46.0,46.0,256.1324,0.0,0.0,0.0,0.0,0.0,0.0
ORD,CMH,128.0,6091.0,47.5859375,209.0961820851689,0.0,0.0,0.0,0.0,0.0,0.0
ORD,CMI,55.0,2190.0,39.81818181818182,253.0928,0.0,0.0,0.0,0.0,0.0,0.0
ORD,COU,18.0,659.0,36.61111111111112,209.4821142857143,0.0,0.0,0.0,0.0,0.0,0.0
ORD,CVG,69.0,3203.0,46.42028985507246,195.9185797101449,0.0,0.0,0.0,0.0,0.0,0.0
ORD,CWA,58.0,2048.0,35.310344827586206,260.8992857142857,0.0,0.0,0.0,0.0,0.0,0.0
ORD,DAY,66.0,2306.0,34.93939393939394,213.36,0.0,0.0,0.0,0.0,0.0,0.0
ORD,DFW,1.0,0.0,0.0,294.0018045112782,0.0,0.0,0.0,0.0,0.0,0.0
ORD,DSM,56.0,2638.0,47.10714285714285,238.09,0.0,0.0,0.0,0.0,0.0,0.0
ORD,DTW,47.0,1615.0,34.361702127659576,191.8732110091744,0.0,0.0,0.0,0.0,0.0,0.0
ORD,EWR,9.0,528.0,58.66666666666666,173.64030303030302,8.666666666666657,0.0,0.0,1504.8826262626244,0.0,0.0
ORD,EYW,9.0,614.0,68.22222222222223,327.0797942386831,18.22222222222223,3.2222222222222285,0.0,5960.120695016006,1053.9237814357589,0.0
ORD,FAR,68.0,2717.0,39.95588235294117,242.6475531914893,0.0,0.0,0.0,0.0,0.0,0.0
ORD,FNT,58.0,2183.0,37.63793103448276,226.6060606060606,0.0,0.0,0.0,0.0,0.0,0.0
ORD,FSD,71.0,2796.0,39.38028169014085,201.09065217391304,0.0,0.0,0.0,0.0,0.0,0.0
ORD,FWA,9.0,303.0,33.666666666666664,88.904,0.0,0.0,0.0,0.0,0.0,0.0
ORD,GRB,54.0,2340.0,43.333333333333336,197.6875,0.0,0.0,0.0,0.0,0.0,0.0
ORD,GRR,79.0,3786.0,47.9240506329114,208.41989130434783,0.0,0.0,0.0,0.0,0.0,0.0
ORD,GSO,60.0,1868.0,31.133333333333333,195.06939226519336,0.0,0.0,0.0,0.0,0.0,0.0
ORD,GSP,28.0,989.0,35.32142857142857,207.0528640776699,0.0,0.0,0.0,0.0,0.0,0.0
ORD,HPN,59.0,2233.0,37.84745762711864,183.6889379084968,0.0,0.0,0.0,0.0,0.0,0.0
ORD,HSV,8.0,249.0,31.125,239.74076923076925,0.0,0.0,0.0,0.0,0.0,0.0
ORD,IAH,32.0,1892.0,59.125,184.49027586206896,9.125,0.0,0.0,1683.4737672413792,0.0,0.0
ORD,ICT,68.0,2698.0,39.6764705882353,229.5275294117647,0.0,0.0,0.0,0.0,0.0,0.0
ORD,IND,52.0,2940.0,56.53846153846154,261.59410852713177,6.53846153846154,0.0,0.0,1710.423017292785,0.0,0.0
ORD,JAX,3.0,201.0,67.0,325.89444444444445,17.0,2.0,0.0,5540.205555555555,651.7888888888889,0.0
ORD,LAN,48.0,1773.0,36.9375,250.4253731343284,0.0,0.0,0.0,0.0,0.0,0.0
ORD,LEX,59.0,2104.0,35.66101694915254,203.35921951219512,0.0,0.0,0.0,0.0,0.0,0.0
ORD,LIT,68.0,2638.0,38.794117647058826,253.71593567251463,0.0,0.0,0.0,0.0,0.0,0.0
ORD,LSE,18.0,603.0,33.5,235.31057142857145,0.0,0.0,0.0,0.0,0.0,0.0
ORD,MCI,65.0,3392.0,52.18461538461538,211.41644876325088,2.184615384615377,0.0,0.0,461.86362652894644,0.0,0.0
ORD,MEM,79.0,3059.0,38.721518987341774,209.3670857142857,0.0,0.0,0.0,0.0,0.0,0.0
ORD,MHK,57.0,2130.0,37.36842105263158,252.1890099009901,0.0,0.0,0.0,0.0,0.0,0.0
ORD,MKE,35.0,1470.0,42.0,239.2825,0.0,0.0,0.0,0.0,0.0,0.0
ORD,MLI,50.0,1639.0,32.78,224.53333333333333,0.0,0.0,0.0,0.0,0.0,0.0
ORD,MQT,35.0,1027.0,29.34285714285714,221.866875,0.0,0.0,0.0,0.0,0.0,0.0
ORD,MSN,86.0,3790.0,44.06976744186046,269.6363636363636,0.0,0.0,0.0,0.0,0.0,0.0
ORD,MSP,53.0,2448.0,46.18867924528302,176.13728813559322,0.0,0.0,0.0,0.0,0.0,0.0
ORD,MSY,19.0,1074.0,56.526315789473685,210.9948872180451,6.526315789473685,0.0,0.0,1377.019263949347,0.0,0.0
ORD,OKC,66.0,2867.0,43.43939393939394,214.9586394557823,0.0,0.0,0.0,0.0,0.0,0.0
ORD,OMA,35.0,1624.0,46.4,193.88085106382977,0.0,0.0,0.0,0.0,0.0,0.0
ORD,ORF,40.0,1860.0,46.5,189.28047619047612,0.0,0.0,0.0,0.0,0.0,0.0
ORD,PIA,49.0,1372.0,28.0,154.97727272727272,0.0,0.0,0.0,0.0,0.0,0.0
ORD,PIT,13.0,507.0,39.0,202.0759574468085,0.0,0.0,0.0,0.0,0.0,0.0
ORD,PVD,36.0,1457.0,40.47222222222222,218.0579130434783,0.0,0.0,0.0,0.0,0.0,0.0
ORD,RDU,46.0,2021.0,43.93478260869565,228.14635761589403,0.0,0.0,0.0,0.0,0.0,0.0
ORD,RIC,22.0,987.0,44.86363636363637,210.18614379084968,0.0,0.0,0.0,0.0,0.0,0.0
ORD,ROC,41.0,2168.0,52.8780487804878,201.31850877192983,2.878048780487802,0.0,0.0,579.4044886606755,0.0,0.0
ORD,RST,66.0,2505.0,37.95454545454545,246.46864406779665,0.0,0.0,0.0,0.0,0.0,0.0
ORD,SDF,45.0,1730.0,38.44444444444444,192.56675862068963,0.0,0.0,0.0,0.0,0.0,0.0
ORD,SGF,78.0,2564.0,32.87179487179487,212.2254961832061,0.0,0.0,0.0,0.0,0.0,0.0
ORD,SLC,1.0,68.0,68.0,285.46000000000004,18.0,3.0,0.0,5138.280000000001,856.3800000000001,0.0
ORD,SRQ,1.0,73.0,73.0,309.2342857142857,23.0,8.0,0.0,7112.388571428572,2473.8742857142856,0.0
ORD,STL,67.0,3685.0,55.0,212.2794214876033,5.0,0.0,0.0,1061.3971074380165,0.0,0.0
ORD,SYR,24.0,1453.0,60.54166666666666,219.5841891891892,10.541666666666657,0.0,0.0,2314.7833277027007,0.0,0.0
ORD,TUL,24.0,1409.0,58.708333333333336,203.2769696969697,8.708333333333336,0.0,0.0,1770.2036111111115,0.0,0.0
ORD,TVC,66.0,2223.0,33.68181818181818,191.43473684210528,0.0,0.0,0.0,0.0,0.0,0.0
ORD,TYS,48.0,1810.0,37.708333333333336,230.67095693779905,0.0,0.0,0.0,0.0,0.0,0.0
ORD,XNA,67.0,2650.0,39.55223880597015,240.6886057692308,0.0,0.0,0.0,0.0,0.0,0.0
ORF,ORD,40.0,1799.0,44.975,190.8146031746032,0.0,0.0,0.0,0.0,0.0,0.0
PHX,ABQ,1.0,70.0,70.0,141.415,20.0,5.0,0.0,2828.2999999999997,707.0749999999999,0.0
PHX,BFL,31.0,1695.0,54.67741935483871,254.2243697478992,4.677419354838712,0.0,0.0,1189.1139875304968,0.0,0.0
PHX,BIL,2.0,92.0,46.0,478.45666666666665,0.0,0.0,0.0,0.0,0.0,0.0
PHX,FAR,22.0,1243.0,56.5,276.14171215880896,6.5,0.0,0.0,1794.9211290322582,0.0,0.0
PHX,GJT,30.0,1157.0,38.56666666666667,239.945,0.0,0.0,0.0,0.0,0.0,0.0
PHX,LBB,30.0,1422.0,47.4,265.9325,0.0,0.0,0.0,0.0,0.0,0.0
PHX,MAF,22.0,967.0,43.95454545454545,297.7290476190476,0.0,0.0,0.0,0.0,0.0,0.0
PHX,MRY,51.0,2748.0,53.88235294117647,282.7041176470588,3.882352941176471,0.0,0.0,1097.5571626297578,0.0,0.0
PHX,SAF,20.0,1058.0,52.9,172.14615384615385,2.8999999999999986,0.0,0.0,499.2238461538459,0.0,0.0
PHX,SBA,7.0,463.0,66.14285714285714,386.208,16.14285714285714,1.1428571428571388,0.0,6234.50057142857,441.3805714285699,0.0
PHX,SBP,49.0,2589.0,52.83673469387755,229.11589211618252,2.8367346938775526,0.0,0.0,649.9410000846814,0.0,0.0
PHX,STS,21.0,1279.0,60.90476190476191,251.18853211009173,10.904761904761912,0.0,0.0,2739.151135867193,0.0,0.0
PHX,TUL,22.0,1410.0,64.0909090909091,271.54157099697886,14.090909090909093,0.0,0.0,3826.2675913210664,0.0,0.0
PHX,TUS,43.0,2762.0,64.23255813953489,82.5,14.232558139534888,0.0,0.0,1174.1860465116283,0.0,0.0
PIA,DFW,21.0,1327.0,63.19047619047619,276.53325757575755,13.19047619047619,0.0,0.0,3647.605349927849,0.0,0.0
PIA,ORD,49.0,1678.0,34.244897959183675,106.26470588235294,0.0,0.0,0.0,0.0,0.0,0.0
PIT,DCA,1.0,56.0,56.0,68.0,6.0,0.0,0.0,408.0,0.0,0.0
PIT,ORD,13.0,780.0,60.0,212.68261904761903,10.0,0.0,0.0,2126.8261904761903,0.0,0.0
PNS,DFW,20.0,1214.0,60.7,255.2375,10.700000000000003,0.0,0.0,2731.0412500000007,0.0,0.0
PNS,MIA,80.0,4179.0,52.2375,257.55765027322406,2.237499999999997,0.0,0.0,576.2852424863381,0.0,0.0
PSP,AUS,30.0,1542.0,51.4,350.5618045112782,1.3999999999999986,0.0,0.0,490.78652631578893,0.0,0.0
PVD,MIA,3.0,154.0,51.333333333333336,159.12166666666667,1.3333333333333357,0.0,0.0,212.1622222222226,0.0,0.0
PVD,ORD,35.0,1416.0,40.457142857142856,214.38690677966105,0.0,0.0,0.0,0.0,0.0,0.0
RAP,DFW,61.0,3979.0,65.22950819672131,298.592118226601,15.229508196721312,0.22950819672131217,0.0,4547.411112008399,68.52933860938404,0.0
RDU,AUS,55.0,2934.0,53.345454545454544,210.9162565445026,3.345454545454544,0.0,0.0,705.610749167063,0.0,0.0
RDU,DFW,1.0,58.0,58.0,256.5677777777778,8.0,0.0,0.0,2052.5422222222223,0.0,0.0
RDU,MIA,31.0,2074.0,66.90322580645162,225.7372395833333,16.903225806451616,1.9032258064516157,0.0,3815.6875336021503,429.62893985215106,0.0
RDU,ORD,45.0,2253.0,50.06666666666667,234.99720538720536,0.06666666666666998,0.0,0.0,15.666480359147803,0.0,0.0
RDU,TPA,9.0,276.0,30.666666666666668,191.1433333333333,0.0,0.0,0.0,0.0,0.0,0.0
RIC,ORD,21.0,701.0,33.38095238095238,213.0435877862596,0.0,0.0,0.0,0.0,0.0,0.0
RNO,AUS,39.0,1632.0,41.84615384615385,330.1255555555556,0.0,0.0,0.0,0.0,0.0,0.0
ROC,MIA,4.0,253.0,63.25,301.495,13.25,0.0,0.0,3994.80875,0.0,0.0
ROC,ORD,41.0,2341.0,57.09756097560975,202.73660194174755,7.097560975609753,0.0,0.0,1438.9353942694759,0.0,0.0
RST,ORD,66.0,2935.0,44.46969696969697,256.31361344537817,0.0,0.0,0.0,0.0,0.0,0.0
SAF,PHX,21.0,719.0,34.23809523809524,173.3111290322581,0.0,0.0,0.0,0.0,0.0,0.0
SAV,CHS,1.0,66.0,66.0,,16.0,1.0,0.0,,,
SAV,CLT,10.0,537.0,53.7,121.8825,3.700000000000003,0.0,0.0,450.9652500000003,0.0,0.0
SAV,MIA,45.0,2597.0,57.71111111111111,256.92194570135746,7.711111111111109,0.0,0.0,1981.1536701860225,0.0,0.0
SBA,PHX,7.0,214.0,30.571428571428573,214.66666666666663,0.0,0.0,0.0,0.0,0.0,0.0
SBP,PHX,49.0,2311.0,47.16326530612245,225.4284221311476,0.0,0.0,0.0,0.0,0.0,0.0
SDF,BOS,7.0,276.0,39.42857142857143,301.7676923076923,0.0,0.0,0.0,0.0,0.0,0.0
SDF,DCA,6.0,382.0,63.66666666666666,208.28285714285715,13.666666666666657,0.0,0.0,2846.5323809523793,0.0,0.0
SDF,DFW,34.0,2158.0,63.47058823529412,242.3608196721312,13.470588235294123,0.0,0.0,3264.7428061716514,0.0,0.0
SDF,ORD,45.0,2071.0,46.02222222222223,191.68742647058824,0.0,0.0,0.0,0.0,0.0,0.0
SGF,CHA,1.0,54.0,54.0,348.07666666666665,4.0,0.0,0.0,1392.3066666666666,0.0,0.0
SGF,CLT,66.0,3485.0,52.80303030303031,265.9606989247312,2.8030303030303116,0.0,0.0,745.4958985011428,0.0,0.0
SGF,DFW,183.0,10731.0,58.63934426229508,237.0159318181818,8.639344262295083,0.0,0.0,2047.6622306259314,0.0,0.0
SGF,ORD,78.0,2499.0,32.03846153846154,202.75370967741927,0.0,0.0,0.0,0.0,0.0,0.0
SHV,DFW,60.0,3543.0,59.05,220.8788679245283,9.049999999999997,0.0,0.0,1998.9537547169805,0.0,0.0
SJT,DFW,37.0,1311.0,35.432432432432435,232.79754098360647,0.0,0.0,0.0,0.0,0.0,0.0
SLC,ORD,1.0,76.0,76.0,269.915,26.0,11.0,0.0,7017.790000000001,2969.065,0.0
SPI,ORD,1.0,38.0,38.0,,0.0,0.0,0.0,,,
SRQ,ORD,1.0,70.0,70.0,452.48,20.0,5.0,0.0,9049.6,2262.4,0.0
STL,AUS,26.0,1024.0,39.38461538461539,161.13645614035087,0.0,0.0,0.0,0.0,0.0,0.0
STL,BOS,9.0,495.0,55.0,288.11243902439026,5.0,0.0,0.0,1440.5621951219514,0.0,0.0
STL,DFW,8.0,437.0,54.625,222.70478260869567,4.625,0.0,0.0,1030.0096195652175,0.0,0.0
STL,ORD,64.0,3782.0,59.09375,200.7119058823529,9.09375,0.0,0.0,1825.2238941176468,0.0,0.0
STL,SDF,1.0,25.0,25.0,,0.0,0.0,0.0,,,
STS,DFW,9.0,425.0,47.22222222222222,317.52007092198585,0.0,0.0,0.0,0.0,0.0,0.0
STS,PHX,21.0,1062.0,50.57142857142857,245.95491666666663,0.5714285714285694,0.0,0.0,140.54566666666614,0.0,0.0
SYR,DCA,21.0,1375.0,65.47619047619048,178.29999999999998,15.476190476190482,0.4761904761904816,0.0,2759.4047619047624,84.90476190476286,0.0
SYR,MIA,1.0,73.0,73.0,296.9250980392157,23.0,8.0,0.0,6829.277254901961,2375.4007843137256,0.0
SYR,ORD,25.0,1571.0,62.84,193.28,12.840000000000003,0.0,0.0,2481.7152000000006,0.0,0.0
TLH,DCA,21.0,658.0,31.33333333333333,259.01590909090913,0.0,0.0,0.0,0.0,0.0,0.0
TLH,DFW,51.0,2975.0,58.333333333333336,303.12798206278023,8.333333333333336,0.0,0.0,2526.066517189836,0.0,0.0
TLH,GNV,1.0,72.0,72.0,,22.0,7.0,0.0,,,
TLH,MIA,91.0,3903.0,42.89010989010989,301.3791687657431,0.0,0.0,0.0,0.0,0.0,0.0
TPA,BNA,55.0,3491.0,63.47272727272728,172.38046487603307,13.472727272727283,0.0,0.0,2322.4349904207384,0.0,0.0
TPA,MIA,22.0,1105.0,50.22727272727273,237.72451923076923,0.22727272727272663,0.0,0.0,54.02829982517467,0.0,0.0
TPA,RDU,8.0,364.0,45.5,207.06500000000003,0.0,0.0,0.0,0.0,0.0,0.0
TRI,DFW,11.0,553.0,50.27272727272727,279.2809411764706,0.2727272727272734,0.0,0.0,76.16752941176489,0.0,0.0
TUL,AUS,25.0,829.0,33.16,168.6549763033175,0.0,0.0,0.0,0.0,0.0,0.0
TUL,DFW,4.0,278.0,69.5,252.43185185185183,19.5,4.5,0.0,4922.421111111111,1135.9433333333332,0.0
TUL,ORD,24.0,1469.0,61.208333333333336,208.9803571428572,11.208333333333336,0.0,0.0,2342.321502976192,0.0,0.0
TUL,PHX,23.0,1394.0,60.60869565217392,268.11669642857146,10.608695652173921,0.0,0.0,2844.368431677021,0.0,0.0
TUS,PHX,43.0,2424.0,56.372093023255815,177.75,6.372093023255815,0.0,0.0,1132.6395348837211,0.0,0.0
TVC,ORD,64.0,2728.0,42.625,156.5542105263158,0.0,0.0,0.0,0.0,0.0,0.0
TYS,CLT,1.0,73.0,73.0,,23.0,8.0,0.0,,,
TYS,MIA,32.0,2145.0,67.03125,256.0296666666667,17.03125,2.03125,0.0,4360.505260416667,520.0602604166667,0.0
TYS,ORD,49.0,2211.0,45.12244897959184,216.71641025641023,0.0,0.0,0.0,0.0,0.0,0.0
VPS,DCA,8.0,465.0,58.125,243.1552380952381,8.125,0.0,0.0,1975.6363095238096,0.0,0.0
VPS,DFW,5.0,188.0,37.6,252.1607305936073,0.0,0.0,0.0,0.0,0.0,0.0
XNA,CLT,59.0,3484.0,59.05084745762712,312.5212556053812,9.050847457627121,0.0,0.0,2828.5822117504003,0.0,0.0
XNA,DCA,29.0,993.0,34.241379310344826,286.6999183673469,0.0,0.0,0.0,0.0,0.0,0.0
XNA,DFW,132.0,8365.0,63.371212121212125,260.6325,13.371212121212125,0.0,0.0,3484.972443181819,0.0,0.0
XNA,MIA,29.0,1676.0,57.793103448275865,304.4127947598253,7.793103448275865,0.0,0.0,2372.3204005420876,0.0,0.0
XNA,ORD,67.0,3039.0,45.35820895522388,241.3671698113208,0.0,0.0,0.0,0.0,0.0,0.0
