ORIGIN,DEST,TOTAL_DEPARTURES,TOTAL_PASSENGERS,AVG_PAX_PER_FLIGHT,AVG_FARE
ABE,ORD,10.0,348.0,34.8,201.9191463414634
ABI,DFW,103.0,4588.0,44.54368932038835,197.4678431372549
ABQ,AUS,27.0,1074.0,39.77777777777778,216.6102280130293
ABQ,SAF,1.0,70.0,70.0,
AGS,CLT,21.0,822.0,39.142857142857146,
AGS,DFW,30.0,1271.0,42.36666666666667,272.6259589041096
ALB,ORD,19.0,1085.0,57.10526315789474,244.56333333333336
ALO,ORD,37.0,717.0,19.37837837837838,212.6190909090909
ATL,CLT,8.0,374.0,46.75,288.7442857142857
ATL,DCA,52.0,2171.0,41.75,203.54481481481483
ATL,MIA,29.0,1795.0,61.89655172413793,206.7845038167939
ATL,ORD,37.0,2357.0,63.7027027027027,182.672975708502
ATW,CLT,30.0,2000.0,66.66666666666667,296.27923664122136
ATW,ORD,49.0,2529.0,51.61224489795919,192.16666666666663
ATW,TYS,1.0,73.0,73.0,287.4166666666667
AUS,ABQ,27.0,1214.0,44.96296296296296,199.14473118279568
AUS,BNA,72.0,3072.0,42.66666666666666,185.46617886178865
AUS,BZN,4.0,130.0,32.5,466.5255
AUS,CVG,31.0,1718.0,55.41935483870968,173.64762910798123
AUS,DFW,38.0,1445.0,38.026315789473685,228.6408148148148
AUS,ELP,79.0,3803.0,48.13924050632912,161.10996153846153
AUS,IND,29.0,1547.0,53.3448275862069,219.16068807339448
AUS,MCI,25.0,1066.0,42.64,171.99280701754387
AUS,MEM,17.0,536.0,31.529411764705884,198.91672268907564
AUS,MIA,57.0,4040.0,70.87719298245614,297.5020519835841
AUS,MSY,82.0,3619.0,44.13414634146341,179.45514762516046
AUS,OKC,38.0,1502.0,39.526315789473685,169.01593220338984
AUS,ORD,58.0,3682.0,63.48275862068966,267.2567024539877
AUS,PSP,31.0,1235.0,39.83870967741935,312.3474812030075
AUS,RDU,55.0,3182.0,57.85454545454545,209.34980842911875
AUS,RNO,39.0,1494.0,38.30769230769231,327.5592405063291
AUS,STL,26.0,1276.0,49.07692307692308,168.67187265917602
AUS,TUL,25.0,676.0,27.04,163.7509433962264
AVL,DFW,29.0,1871.0,64.51724137931035,327.87602564102565
AVP,ORD,10.0,433.0,43.3,217.66813559322037
AZO,ORD,50.0,2213.0,44.26,237.25
BDL,DCA,14.0,830.0,59.285714285714285,218.25641025641025
BDL,ORD,28.0,1512.0,54.0,282.9995294117647
BFL,PHX,30.0,1270.0,42.333333333333336,239.53325791855204
BFL,SBP,1.0,61.0,61.0,
BGR,DCA,2.0,114.0,57.0,362.0
BHM,CLT,19.0,1156.0,60.8421052631579,272.9739784946237
BHM,DCA,19.0,742.0,39.05263157894737,234.56770833333331
BHM,DFW,21.0,1381.0,65.76190476190476,259.69464968152863
BHM,MIA,31.0,1798.0,58.0,345.8227586206897
BHM,ORD,30.0,1103.0,36.766666666666666,188.73358139534884
BIL,DFW,21.0,1296.0,61.71428571428572,320.9755244755245
BIL,PHX,2.0,63.0,31.5,547.5
BIS,DFW,34.0,2006.0,59.0,369.5864
BMI,ORD,48.0,1692.0,35.25,265.3333333333333
BNA,AUS,72.0,3330.0,46.25,185.43936997319037
BNA,CLT,8.0,564.0,70.5,120.0356896551724
BNA,DCA,39.0,1783.0,45.71794871794872,176.13626016260162
BNA,MIA,32.0,2269.0,70.90625,248.93662420382168
BNA,ORD,56.0,3384.0,60.42857142857143,204.2135905511811
BNA,PIT,1.0,56.0,56.0,303.948
BNA,TPA,55.0,3249.0,59.07272727272727,176.7029393939394
BOI,MSO,1.0,64.0,64.0,
BOS,CMH,21.0,852.0,40.57142857142857,205.96245810055865
BOS,CVG,12.0,408.0,34.0,250.5883916083916
BOS,MEM,7.0,234.0,33.42857142857143,284.77058823529416
BOS,ORD,40.0,2617.0,65.425,179.6255587808418
BOS,SDF,7.0,320.0,45.71428571428572,307.3646428571428
BOS,STL,9.0,536.0,59.55555555555556,228.36380952380955
BRO,DFW,40.0,2775.0,69.375,285.2636
BTR,DFW,76.0,4559.0,59.98684210526316,272.436677852349
BTR,JAN,1.0,71.0,71.0,
BUF,ORD,27.0,1579.0,58.48148148148148,201.8445977011494
BWI,MIA,1.0,58.0,58.0,283.5
BWI,ORD,50.0,2297.0,45.94,205.19138392857144
BZN,AUS,4.0,93.0,23.25,373.19
BZN,ORD,22.0,1529.0,69.5,283.82416149068325
CAE,ATL,1.0,58.0,58.0,
CHA,CLT,1.0,56.0,56.0,123.87
CHA,DFW,75.0,4694.0,62.586666666666666,298.901072386059
CHS,DCA,15.0,794.0,52.93333333333333,227.0992477876106
CHS,MIA,58.0,3715.0,64.05172413793103,208.9964299424184
CID,DFW,8.0,551.0,68.875,337.4746715328467
CID,ORD,77.0,3322.0,43.142857142857146,199.78021739130435
CLE,ORD,68.0,2558.0,37.61764705882353,193.9043722943723
CLT,AGS,21.0,1042.0,49.61904761904762,306.0
CLT,ATL,8.0,376.0,47.0,313.0
CLT,ATW,31.0,1724.0,55.61290322580645,287.7089256198347
CLT,BHM,19.0,1160.0,61.05263157894737,281.8726666666667
CLT,BNA,8.0,506.0,63.25,173.41
CLT,DAY,7.0,297.0,42.42857142857143,165.64
CLT,EYW,2.0,151.0,75.5,298.7646153846154
CLT,GRR,6.0,244.0,40.66666666666666,203.3692307692308
CLT,GSP,20.0,1171.0,58.55,
CLT,HHH,64.0,3495.0,54.609375,253.0596153846154
CLT,JAX,1.0,67.0,67.0,628.41
CLT,MEM,15.0,686.0,45.73333333333333,256.88484848484853
CLT,MSN,6.0,194.0,32.333333333333336,250.4454166666667
CLT,SAV,10.0,630.0,63.0,258.83
CLT,SGF,66.0,3779.0,57.25757575757576,275.1607471264368
CLT,XNA,59.0,3267.0,55.3728813559322,295.08366666666666
CMH,BOS,21.0,769.0,36.61904761904762,213.60093922651933
CMH,DCA,31.0,1088.0,35.096774193548384,174.10388235294118
CMH,MIA,63.0,3904.0,61.96825396825397,288.7955667144907
CMH,ORD,128.0,6719.0,52.4921875,203.76254344391785
CMI,DFW,57.0,2650.0,46.49122807017544,267.6708609271523
CMI,ORD,56.0,2133.0,38.08928571428572,223.89
COS,DFW,15.0,913.0,60.86666666666667,232.343661971831
COU,DFW,65.0,3986.0,61.323076923076925,213.41308219178083
COU,ORD,19.0,813.0,42.78947368421053,204.8116574585636
CRP,DFW,70.0,4160.0,59.42857142857143,266.07100591715977
CVG,AUS,31.0,1563.0,50.41935483870968,164.20884337349398
CVG,BOS,12.0,408.0,34.0,251.2508076923077
CVG,CMH,1.0,54.0,54.0,
CVG,DCA,15.0,710.0,47.333333333333336,157.62974683544303
CVG,MIA,62.0,3939.0,63.53225806451613,292.258036809816
CVG,ORD,68.0,3157.0,46.4264705882353,183.0998701298701
CWA,ORD,57.0,2586.0,45.36842105263158,252.7956
DAB,DFW,9.0,487.0,54.11111111111112,272.4835251798561
DAY,CLT,7.0,120.0,17.142857142857142,98.39
DAY,DFW,48.0,2624.0,54.66666666666666,301.38403846153847
DAY,ORD,65.0,2623.0,40.35384615384616,183.58612903225807
DCA,ATL,50.0,1963.0,39.26,193.28108974358972
DCA,BDL,15.0,786.0,52.4,220.28142857142856
DCA,BGR,1.0,50.0,50.0,362.0
DCA,BHM,19.0,869.0,45.73684210526316,253.259649122807
DCA,BNA,41.0,1570.0,38.29268292682927,165.75523121387283
DCA,CAE,1.0,58.0,58.0,192.5
DCA,CHS,15.0,639.0,42.6,217.2427232142857
DCA,CMH,31.0,1166.0,37.61290322580645,187.93042296072508
DCA,CVG,15.0,757.0,50.46666666666667,173.28241610738257
DCA,DSM,75.0,3383.0,45.10666666666667,246.8586713286713
DCA,GRR,8.0,445.0,55.625,257.5145
DCA,GSO,18.0,913.0,50.72222222222222,202.1515151515152
DCA,GSP,6.0,357.0,59.5,189.03666666666663
DCA,HSV,9.0,315.0,35.0,299.22554455445544
DCA,LIT,30.0,1428.0,47.6,277.3811400651465
DCA,MSP,1.0,34.0,34.0,
DCA,SDF,6.0,351.0,58.5,232.0354545454545
DCA,SYR,21.0,942.0,44.85714285714285,183.45677966101692
DCA,TLH,22.0,682.0,31.0,268.73551020408166
DCA,VPS,8.0,305.0,38.125,192.40263157894736
DCA,XNA,29.0,1120.0,38.62068965517241,280.1218260869565
DFW,ABI,105.0,4768.0,45.40952380952381,212.22758620689655
DFW,AGS,30.0,1747.0,58.23333333333333,288.8588028169014
DFW,AUS,38.0,1995.0,52.5,207.6916326530612
DFW,AVL,30.0,1921.0,64.03333333333333,321.7571555555556
DFW,BHM,20.0,1010.0,50.5,256.465421686747
DFW,BIL,21.0,1263.0,60.142857142857146,331.21414285714286
DFW,BIS,33.0,1951.0,59.121212121212125,397.49304347826086
DFW,BOI,1.0,64.0,64.0,369.1675
DFW,BRO,40.0,1743.0,43.575,263.5622695035461
DFW,BTR,77.0,4702.0,61.06493506493506,288.2474086378738
DFW,CHA,75.0,4541.0,60.54666666666667,308.3154907161804
DFW,CID,8.0,446.0,55.75,315.0579194630872
DFW,CMI,56.0,2873.0,51.30357142857143,305.5677551020408
DFW,COS,15.0,1012.0,67.46666666666667,234.43893333333327
DFW,COU,65.0,4200.0,64.61538461538461,222.04942446043165
DFW,CRP,69.0,3945.0,57.17391304347826,269.1804411764706
DFW,DAB,9.0,472.0,52.44444444444444,290.0673643410853
DFW,DAY,47.0,3007.0,63.97872340425532,306.7329192546584
DFW,DRO,53.0,2659.0,50.16981132075472,298.22542372881355
DFW,DSM,1.0,44.0,44.0,166.3538095238095
DFW,ECP,37.0,2307.0,62.35135135135136,233.50505494505487
DFW,ELP,15.0,938.0,62.53333333333333,220.2538
DFW,EVV,38.0,1622.0,42.68421052631579,341.97006993006994
DFW,FAR,42.0,2668.0,63.523809523809526,330.0138235294118
DFW,FAT,1.0,55.0,55.0,270.55
DFW,FAY,30.0,1881.0,62.7,273.53801587301587
DFW,FSD,44.0,2790.0,63.40909090909091,293.20464646464643
DFW,FSM,39.0,2327.0,59.66666666666666,235.1065573770492
DFW,GJT,69.0,3292.0,47.71014492753624,291.60124223602486
DFW,GNV,29.0,1741.0,60.03448275862069,355.2441666666667
DFW,GPT,40.0,2305.0,57.625,260.635756097561
DFW,GRK,41.0,1213.0,29.585365853658537,158.10875
DFW,GRR,28.0,1730.0,61.785714285714285,321.47535714285715
DFW,HOU,28.0,1655.0,59.10714285714285,173.06377245508983
DFW,HRL,75.0,3668.0,48.906666666666666,203.0167018469657
DFW,HSV,43.0,1972.0,45.86046511627907,353.3565454545455
DFW,ICT,40.0,2344.0,58.6,288.1687671232877
DFW,IND,6.0,332.0,55.333333333333336,283.59593406593405
DFW,JAN,69.0,4215.0,61.08695652173913,273.17483870967743
DFW,LBB,65.0,4134.0,63.6,214.1844378698225
DFW,LCH,9.0,221.0,24.55555555555556,183.70550561797756
DFW,LEX,76.0,4129.0,54.328947368421055,347.0165171503958
DFW,LFT,85.0,3617.0,42.55294117647059,246.01916666666668
DFW,LIT,103.0,6935.0,67.33009708737865,236.80394265232977
DFW,LRD,1.0,76.0,76.0,254.14
DFW,MAF,89.0,5003.0,56.21348314606742,245.5094350282486
DFW,MGM,58.0,3421.0,58.98275862068966,298.1860550458716
DFW,MHK,63.0,3726.0,59.142857142857146,249.52838095238096
DFW,MLI,18.0,1035.0,57.5,285.11311557788946
DFW,MOB,58.0,3268.0,56.3448275862069,243.08149758454107
DFW,MRY,59.0,3132.0,53.08474576271186,325.2867777777778
DFW,MSN,8.0,434.0,54.25,325.2090666666667
DFW,MSO,21.0,1084.0,51.61904761904762,300.61325301204823
DFW,MYR,2.0,127.0,63.5,328.04016949152543
DFW,OKC,13.0,935.0,71.92307692307692,264.75
DFW,OMA,1.0,61.0,61.0,208.538125
DFW,ORD,1.0,57.0,57.0,242.4849504950495
DFW,PIA,22.0,1246.0,56.63636363636363,269.273984962406
DFW,PNS,20.0,1452.0,72.6,262.70907407407407
DFW,RAP,61.0,3669.0,60.14754098360656,307.764824120603
DFW,SDF,33.0,2080.0,63.03030303030303,241.92284210526316
DFW,SGF,184.0,10154.0,55.18478260869565,292.9804696132597
DFW,SHV,61.0,3163.0,51.85245901639344,246.34642857142856
DFW,SJT,36.0,1799.0,49.97222222222222,248.19323076923075
DFW,STL,8.0,503.0,62.875,243.343137254902
DFW,STS,9.0,475.0,52.77777777777778,317.8760839160839
DFW,TLH,52.0,3204.0,61.61538461538461,312.2073953488372
DFW,TRI,11.0,603.0,54.81818181818182,270.2738888888889
DFW,TUL,4.0,281.0,70.25,201.8156338028169
DFW,VPS,5.0,297.0,59.4,257.98774336283185
DFW,XNA,132.0,8379.0,63.47727272727273,267.96504405286345
DRO,DFW,52.0,2609.0,50.17307692307692,305.2980844155844
DSM,CID,1.0,50.0,50.0,
DSM,DCA,75.0,3209.0,42.78666666666667,266.04299270072994
DSM,MHK,1.0,44.0,44.0,
DSM,MIA,4.0,285.0,71.25,279.3323404255319
DSM,ORD,54.0,2908.0,53.851851851851855,228.1251111111111
DTW,AZO,1.0,41.0,41.0,
DTW,ORD,47.0,1817.0,38.659574468085104,189.15752475247524
ECP,DFW,38.0,2344.0,61.68421052631579,228.7478350515464
ELP,AUS,78.0,3511.0,45.01282051282051,165.83599264705882
ELP,DFW,15.0,1064.0,70.93333333333334,248.53727272727272
EVV,DFW,39.0,1432.0,36.71794871794872,313.5485185185185
EWR,ORD,9.0,639.0,71.0,174.0311111111111
EYW,CLT,2.0,115.0,57.5,296.326
EYW,DCA,1.0,56.0,56.0,357.9945341614907
EYW,MIA,97.0,5704.0,58.8041237113402,259.918
EYW,ORD,9.0,558.0,62.0,327.05573584905665
FAR,DFW,41.0,2629.0,64.1219512195122,321.8102898550724
FAR,ORD,68.0,2888.0,42.47058823529412,243.95197674418603
FAR,PHX,22.0,1230.0,55.90909090909091,281.94157894736844
FAT,MRY,1.0,55.0,55.0,
FAY,DFW,30.0,1545.0,51.5,261.1037323943662
FNT,ORD,58.0,2485.0,42.8448275862069,237.0041176470588
FSD,DFW,44.0,2957.0,67.20454545454545,310.2501030927835
FSD,ORD,70.0,2680.0,38.285714285714285,193.4364444444444
FSM,DFW,39.0,1747.0,44.7948717948718,227.72526315789477
FWA,ORD,9.0,358.0,39.77777777777778,137.96833333333333
GJT,DFW,69.0,3823.0,55.40579710144928,289.79648936170213
GJT,PHX,31.0,1591.0,51.32258064516129,244.64509803921567
GNV,DFW,30.0,1778.0,59.266666666666666,342.4853623188406
GNV,MIA,29.0,910.0,31.379310344827587,231.29701492537316
GPT,DFW,41.0,2345.0,57.19512195121951,264.24028985507243
GRB,ORD,54.0,2749.0,50.907407407407405,176.71428571428572
GRK,DFW,41.0,2096.0,51.1219512195122,261.57142857142856
GRR,CLT,6.0,262.0,43.66666666666666,296.4392307692308
GRR,DCA,8.0,418.0,52.25,374.4634615384615
GRR,DFW,29.0,1918.0,66.13793103448276,326.0547080291971
GRR,MIA,4.0,294.0,73.5,335.07475
GRR,ORD,78.0,4271.0,54.756410256410255,244.7348484848485
GSO,DCA,18.0,614.0,34.111111111111114,193.67451612903224
GSO,MIA,31.0,2075.0,66.93548387096774,319.41425531914894
GSO,ORD,59.0,1822.0,30.88135593220339,180.76088825214904
GSP,CLT,20.0,1290.0,64.5,
GSP,DCA,6.0,176.0,29.33333333333333,228.83333333333331
GSP,MIA,31.0,1968.0,63.483870967741936,288.46398907103827
GSP,ORD,28.0,1381.0,49.32142857142857,200.8931188118812
HHH,CLT,65.0,3771.0,58.01538461538462,190.52472222222224
HOU,DFW,28.0,1614.0,57.642857142857146,169.47517441860464
HOU,MIA,1.0,0.0,0.0,284.58
HPN,MIA,21.0,1148.0,54.66666666666666,184.73150851581508
HPN,ORD,58.0,2006.0,34.58620689655172,190.532
HRL,BRO,1.0,32.0,32.0,
HRL,DFW,74.0,4750.0,64.1891891891892,209.8238043478261
HSV,BHM,1.0,76.0,76.0,
HSV,DCA,8.0,300.0,37.5,282.9665686274509
HSV,DFW,43.0,2232.0,51.906976744186046,349.8740306122449
HSV,ORD,8.0,329.0,41.125,177.50799999999998
IAH,MIA,50.0,3478.0,69.56,271.04060402684564
IAH,ORD,31.0,1846.0,59.54838709677419,202.82629139072847
ICT,DFW,38.0,2247.0,59.13157894736842,266.835838150289
ICT,MHK,2.0,69.0,34.5,
ICT,ORD,67.0,2717.0,40.55223880597015,212.9117777777778
IND,AUS,29.0,1671.0,57.62068965517241,220.59582338902143
IND,DCA,1.0,33.0,33.0,162.03333333333333
IND,DFW,6.0,187.0,31.166666666666668,306.2475294117648
IND,MIA,30.0,1795.0,59.833333333333336,283.8183274021352
IND,ORD,52.0,2580.0,49.61538461538461,237.88965753424657
JAN,DFW,69.0,4273.0,61.927536231884055,267.472693877551
JAN,GPT,1.0,48.0,48.0,
JAX,HHH,1.0,67.0,67.0,
JAX,MIA,128.0,6394.0,49.953125,261.85684615384616
JAX,ORD,3.0,219.0,73.0,259.99583333333334
LAN,ORD,47.0,1655.0,35.212765957446805,273.46875
LBB,DFW,66.0,3428.0,51.93939393939394,212.28232673267323
LBB,PHX,31.0,1678.0,54.12903225806452,272.6146
LCH,DFW,9.0,415.0,46.11111111111112,190.25934065934064
LEX,CMI,1.0,17.0,17.0,394.0
LEX,DFW,77.0,3864.0,50.18181818181818,349.865
LEX,ORD,57.0,1889.0,33.14035087719298,164.30439153439153
LFT,DFW,84.0,4436.0,52.80952380952381,250.93886699507388
LIT,DCA,30.0,1135.0,37.833333333333336,271.1667041198502
LIT,DFW,103.0,6640.0,64.46601941747574,212.31176470588235
LIT,MIA,1.0,57.0,57.0,311.8831818181818
LIT,ORD,67.0,2520.0,37.61194029850746,237.21236526946103
LRD,CRP,1.0,76.0,76.0,
LSE,ORD,19.0,856.0,45.05263157894737,217.08973684210525
MAF,DFW,88.0,5484.0,62.31818181818182,233.9435457063712
MAF,PHX,21.0,1044.0,49.71428571428572,277.4425
MCI,AUS,25.0,1276.0,51.04,176.04125
MCI,CMI,1.0,42.0,42.0,318.7341666666667
MCI,ORD,64.0,3600.0,56.25,203.3317127071823
MEM,AUS,17.0,295.0,17.352941176470587,194.04743697478992
MEM,BOS,7.0,305.0,43.57142857142857,350.50839999999994
MEM,CLT,15.0,746.0,49.73333333333333,244.47968253968253
MEM,ORD,79.0,2873.0,36.36708860759494,201.88630350194552
MGM,DFW,58.0,3379.0,58.25862068965517,295.65330508474574
MHK,DFW,65.0,3780.0,58.15384615384615,208.22496062992127
MHK,ORD,58.0,1785.0,30.77586206896552,227.44715686274512
MIA,ATL,29.0,1947.0,67.13793103448276,213.25953846153848
MIA,AUS,57.0,3834.0,67.26315789473684,306.8696296296296
MIA,BHM,31.0,1882.0,60.70967741935484,335.7208865248227
MIA,BNA,33.0,2378.0,72.06060606060606,254.700112
MIA,BWI,1.0,69.0,69.0,361.0
MIA,CHS,57.0,3989.0,69.98245614035088,232.4027766179541
MIA,CMH,62.0,4261.0,68.7258064516129,322.78643185298625
MIA,CVG,61.0,4093.0,67.09836065573771,302.10386649874056
MIA,DSM,4.0,259.0,64.75,275.47395348837205
MIA,EYW,97.0,4206.0,43.36082474226804,233.9837168141593
MIA,GNV,30.0,1510.0,50.333333333333336,235.83443609022555
MIA,GRR,4.0,284.0,71.0,251.2596428571429
MIA,GSO,31.0,1926.0,62.12903225806452,318.7234
MIA,GSP,31.0,1874.0,60.45161290322581,297.0683251231527
MIA,HOU,1.0,74.0,74.0,358.42
MIA,HPN,22.0,1091.0,49.59090909090909,183.24322834645668
MIA,IAH,50.0,3584.0,71.68,276.73423529411764
MIA,IND,29.0,2104.0,72.55172413793103,311.3850370370371
MIA,JAX,127.0,7664.0,60.346456692913385,281.2192271662764
MIA,LIT,1.0,71.0,71.0,291.438
MIA,MSN,4.0,273.0,68.25,273.63265625
MIA,MSY,25.0,1862.0,74.48,317.0983947939262
MIA,PNS,80.0,4725.0,59.0625,272.4353475935829
MIA,PVD,3.0,183.0,61.0,134.454
MIA,RDU,32.0,2285.0,71.40625,235.27111368909516
MIA,ROC,4.0,271.0,67.75,302.1025806451613
MIA,SAV,46.0,2492.0,54.17391304347826,262.17990543735226
MIA,SYR,1.0,73.0,73.0,311.8104347826087
MIA,TLH,91.0,4732.0,52.0,317.94453855878635
MIA,TPA,22.0,1365.0,62.04545454545455,232.5214110429448
MIA,TYS,31.0,1969.0,63.516129032258064,268.57094594594594
MIA,XNA,29.0,1527.0,52.6551724137931,331.2354954954955
MKE,ORD,36.0,1752.0,48.66666666666666,249.66666666666663
MLI,AZO,1.0,37.0,37.0,
MLI,DFW,19.0,1141.0,60.05263157894737,275.22740566037737
MLI,ORD,49.0,1887.0,38.51020408163265,172.64705882352942
MOB,DFW,58.0,2959.0,51.01724137931034,241.8051904761905
MQT,ORD,35.0,1462.0,41.77142857142857,196.4307894736842
MRY,DFW,60.0,3216.0,53.6,333.9289247311828
MRY,PHX,50.0,2946.0,58.92,311.24048192771085
MSN,CLT,6.0,155.0,25.83333333333333,304.48592592592587
MSN,DFW,8.0,503.0,62.875,312.27542857142856
MSN,MIA,4.0,293.0,73.25,289.41316666666665
MSN,ORD,85.0,4573.0,53.8,145.58285714285714
MSN,PHX,1.0,52.0,52.0,330.09476190476187
MSO,DFW,22.0,1360.0,61.81818181818182,282.8014457831325
MSP,DCA,1.0,69.0,69.0,141.22
MSP,ORD,53.0,2623.0,49.490566037735846,196.83037735849055
MSY,AUS,82.0,3731.0,45.5,179.49836787564766
MSY,MIA,25.0,1778.0,71.12,323.6590020790021
MSY,ORD,19.0,1051.0,55.31578947368421,226.189552238806
MYR,DFW,2.0,134.0,67.0,306.7924242424242
OKC,AUS,37.0,932.0,25.18918918918919,166.46745098039216
OKC,DFW,13.0,527.0,40.53846153846154,219.98375
OKC,ORD,64.0,2738.0,42.78125,213.3661870503597
OKC,SPI,1.0,38.0,38.0,
OMA,FSD,1.0,61.0,61.0,
OMA,ORD,36.0,1961.0,54.47222222222222,192.5893023255814
ORD,ABE,9.0,286.0,31.77777777777778,190.9290243902439
ORD,ALB,18.0,932.0,51.77777777777778,202.77
ORD,ALO,37.0,500.0,13.513513513513514,185.4008333333333
ORD,ATL,37.0,2227.0,60.18918918918919,172.68897091722596
ORD,ATW,49.0,2277.0,46.46938775510204,202.8095238095238
ORD,AUS,57.0,3067.0,53.80701754385965,261.15303074670567
ORD,AVP,9.0,365.0,40.55555555555556,223.37859649122808
ORD,AZO,48.0,2064.0,43.0,190.94444444444449
ORD,BDL,28.0,1657.0,59.17857142857143,271.49630136986303
ORD,BHM,30.0,1018.0,33.93333333333333,198.26399103139013
ORD,BMI,47.0,1452.0,30.8936170212766,247.66666666666663
ORD,BNA,57.0,3201.0,56.1578947368421,198.88169254658385
ORD,BOS,39.0,2289.0,58.69230769230769,174.32633440514468
ORD,BUF,26.0,1185.0,45.57692307692308,203.67311827956988
ORD,BWI,51.0,2470.0,48.431372549019606,200.89727642276424
ORD,BZN,22.0,1174.0,53.36363636363637,276.4031847133758
ORD,CID,76.0,3277.0,43.11842105263158,233.1577551020408
ORD,CLE,69.0,2277.0,33.0,197.93327067669173
ORD,CLT,1.0,46.0,46.0,256.1324
ORD,CMH,128.0,6091.0,47.5859375,209.0961820851689
ORD,CMI,55.0,2190.0,39.81818181818182,253.0928
ORD,COU,18.0,659.0,36.61111111111112,209.4821142857143
ORD,CVG,69.0,3203.0,46.42028985507246,195.9185797101449
ORD,CWA,58.0,2048.0,35.310344827586206,260.8992857142857
ORD,DAY,66.0,2306.0,34.93939393939394,213.36
ORD,DFW,1.0,0.0,0.0,294.0018045112782
ORD,DSM,56.0,2638.0,47.10714285714285,238.09
ORD,DTW,47.0,1615.0,34.361702127659576,191.87321100917436
ORD,EWR,9.0,528.0,58.66666666666666,173.64030303030302
ORD,EYW,9.0,614.0,68.22222222222223,327.0797942386831
ORD,FAR,68.0,2717.0,39.95588235294117,242.64755319148932
ORD,FNT,58.0,2183.0,37.63793103448276,226.6060606060606
ORD,FSD,71.0,2796.0,39.38028169014085,201.09065217391304
ORD,FWA,9.0,303.0,33.666666666666664,88.904
ORD,GRB,54.0,2340.0,43.333333333333336,197.6875
ORD,GRR,79.0,3786.0,47.9240506329114,208.41989130434783
ORD,GSO,60.0,1868.0,31.133333333333333,195.06939226519336
ORD,GSP,28.0,989.0,35.32142857142857,207.0528640776699
ORD,HPN,59.0,2233.0,37.84745762711864,183.68893790849677
ORD,HSV,8.0,249.0,31.125,239.74076923076925
ORD,IAH,32.0,1892.0,59.125,184.49027586206896
ORD,ICT,68.0,2698.0,39.6764705882353,229.5275294117647
ORD,IND,52.0,2940.0,56.53846153846154,261.59410852713177
ORD,JAX,3.0,201.0,67.0,325.89444444444445
ORD,LAN,48.0,1773.0,36.9375,250.4253731343284
ORD,LEX,59.0,2104.0,35.66101694915254,203.35921951219512
ORD,LIT,68.0,2638.0,38.794117647058826,253.71593567251463
ORD,LSE,18.0,603.0,33.5,235.31057142857145
ORD,MCI,65.0,3392.0,52.18461538461538,211.41644876325088
ORD,MEM,79.0,3059.0,38.721518987341774,209.3670857142857
ORD,MHK,57.0,2130.0,37.36842105263158,252.1890099009901
ORD,MKE,35.0,1470.0,42.0,239.2825
ORD,MLI,50.0,1639.0,32.78,224.53333333333333
ORD,MQT,35.0,1027.0,29.34285714285714,221.866875
ORD,MSN,86.0,3790.0,44.06976744186046,269.6363636363636
ORD,MSP,53.0,2448.0,46.18867924528302,176.13728813559322
ORD,MSY,19.0,1074.0,56.526315789473685,210.9948872180451
ORD,OKC,66.0,2867.0,43.43939393939394,214.9586394557823
ORD,OMA,35.0,1624.0,46.4,193.88085106382977
ORD,ORF,40.0,1860.0,46.5,189.28047619047615
ORD,PIA,49.0,1372.0,28.0,154.97727272727272
ORD,PIT,13.0,507.0,39.0,202.0759574468085
ORD,PVD,36.0,1457.0,40.47222222222222,218.0579130434783
ORD,RDU,46.0,2021.0,43.93478260869565,228.14635761589403
ORD,RIC,22.0,987.0,44.86363636363637,210.18614379084968
ORD,ROC,41.0,2168.0,52.8780487804878,201.31850877192983
ORD,RST,66.0,2505.0,37.95454545454545,246.46864406779665
ORD,SDF,45.0,1730.0,38.44444444444444,192.56675862068963
ORD,SGF,78.0,2564.0,32.87179487179487,212.2254961832061
ORD,SLC,1.0,68.0,68.0,285.46000000000004
ORD,SRQ,1.0,73.0,73.0,309.2342857142857
ORD,STL,67.0,3685.0,55.0,212.2794214876033
ORD,SYR,24.0,1453.0,60.54166666666666,219.5841891891892
ORD,TUL,24.0,1409.0,58.708333333333336,203.2769696969697
ORD,TVC,66.0,2223.0,33.68181818181818,191.43473684210528
ORD,TYS,48.0,1810.0,37.708333333333336,230.67095693779905
ORD,XNA,67.0,2650.0,39.55223880597015,240.6886057692308
ORF,ORD,40.0,1799.0,44.975,190.8146031746032
PHX,ABQ,1.0,70.0,70.0,141.415
PHX,BFL,31.0,1695.0,54.67741935483871,254.2243697478992
PHX,BIL,2.0,92.0,46.0,478.45666666666665
PHX,FAR,22.0,1243.0,56.5,276.14171215880896
PHX,GJT,30.0,1157.0,38.56666666666667,239.945
PHX,LBB,30.0,1422.0,47.4,265.9325
PHX,MAF,22.0,967.0,43.95454545454545,297.7290476190476
PHX,MRY,51.0,2748.0,53.88235294117647,282.7041176470588
PHX,SAF,20.0,1058.0,52.9,172.14615384615385
PHX,SBA,7.0,463.0,66.14285714285714,386.208
PHX,SBP,49.0,2589.0,52.83673469387755,229.11589211618255
PHX,STS,21.0,1279.0,60.90476190476191,251.18853211009173
PHX,TUL,22.0,1410.0,64.0909090909091,271.54157099697886
PHX,TUS,43.0,2762.0,64.23255813953489,82.5
PIA,DFW,21.0,1327.0,63.19047619047619,276.53325757575755
PIA,ORD,49.0,1678.0,34.244897959183675,106.26470588235294
PIT,DCA,1.0,56.0,56.0,68.0
PIT,ORD,13.0,780.0,60.0,212.68261904761903
PNS,DFW,20.0,1214.0,60.7,255.2375
PNS,MIA,80.0,4179.0,52.2375,257.55765027322406
PSP,AUS,30.0,1542.0,51.4,350.5618045112782
PVD,MIA,3.0,154.0,51.333333333333336,159.12166666666667
PVD,ORD,35.0,1416.0,40.457142857142856,214.38690677966105
RAP,DFW,61.0,3979.0,65.22950819672131,298.592118226601
RDU,AUS,55.0,2934.0,53.345454545454544,210.9162565445026
RDU,DFW,1.0,58.0,58.0,256.5677777777778
RDU,MIA,31.0,2074.0,66.90322580645162,225.73723958333332
RDU,ORD,45.0,2253.0,50.06666666666667,234.99720538720536
RDU,TPA,9.0,276.0,30.666666666666668,191.1433333333333
RIC,ORD,21.0,701.0,33.38095238095238,213.04358778625956
RNO,AUS,39.0,1632.0,41.84615384615385,330.1255555555556
ROC,MIA,4.0,253.0,63.25,301.495
ROC,ORD,41.0,2341.0,57.09756097560975,202.73660194174755
RST,ORD,66.0,2935.0,44.46969696969697,256.31361344537817
SAF,PHX,21.0,719.0,34.23809523809524,173.3111290322581
SAV,CHS,1.0,66.0,66.0,
SAV,CLT,10.0,537.0,53.7,121.8825
SAV,MIA,45.0,2597.0,57.71111111111111,256.92194570135746
SBA,PHX,7.0,214.0,30.571428571428573,214.66666666666663
SBP,PHX,49.0,2311.0,47.16326530612245,225.4284221311476
SDF,BOS,7.0,276.0,39.42857142857143,301.7676923076923
SDF,DCA,6.0,382.0,63.66666666666666,208.28285714285715
SDF,DFW,34.0,2158.0,63.47058823529412,242.36081967213116
SDF,ORD,45.0,2071.0,46.02222222222223,191.68742647058824
SGF,CHA,1.0,54.0,54.0,348.07666666666665
SGF,CLT,66.0,3485.0,52.80303030303031,265.9606989247312
SGF,DFW,183.0,10731.0,58.63934426229508,237.0159318181818
SGF,ORD,78.0,2499.0,32.03846153846154,202.75370967741932
SHV,DFW,60.0,3543.0,59.05,220.8788679245283
SJT,DFW,37.0,1311.0,35.432432432432435,232.79754098360652
SLC,ORD,1.0,76.0,76.0,269.915
SPI,ORD,1.0,38.0,38.0,
SRQ,ORD,1.0,70.0,70.0,452.48
STL,AUS,26.0,1024.0,39.38461538461539,161.13645614035087
STL,BOS,9.0,495.0,55.0,288.11243902439026
STL,DFW,8.0,437.0,54.625,222.70478260869567
STL,ORD,64.0,3782.0,59.09375,200.7119058823529
STL,SDF,1.0,25.0,25.0,
STS,DFW,9.0,425.0,47.22222222222222,317.52007092198585
STS,PHX,21.0,1062.0,50.57142857142857,245.95491666666663
SYR,DCA,21.0,1375.0,65.47619047619048,178.29999999999998
SYR,MIA,1.0,73.0,73.0,296.9250980392157
SYR,ORD,25.0,1571.0,62.84,193.28
TLH,DCA,21.0,658.0,31.33333333333333,259.01590909090913
TLH,DFW,51.0,2975.0,58.333333333333336,303.12798206278023
TLH,GNV,1.0,72.0,72.0,
TLH,MIA,91.0,3903.0,42.89010989010989,301.3791687657431
TPA,BNA,55.0,3491.0,63.47272727272728,172.38046487603307
TPA,MIA,22.0,1105.0,50.22727272727273,237.72451923076923
TPA,RDU,8.0,364.0,45.5,207.06500000000003
TRI,DFW,11.0,553.0,50.27272727272727,279.2809411764706
TUL,AUS,25.0,829.0,33.16,168.6549763033175
TUL,DFW,4.0,278.0,69.5,252.43185185185183
TUL,ORD,24.0,1469.0,61.208333333333336,208.98035714285717
TUL,PHX,23.0,1394.0,60.60869565217392,268.11669642857146
TUS,PHX,43.0,2424.0,56.372093023255815,177.75
TVC,ORD,64.0,2728.0,42.625,156.5542105263158
TYS,CLT,1.0,73.0,73.0,
TYS,MIA,32.0,2145.0,67.03125,256.0296666666667
TYS,ORD,49.0,2211.0,45.12244897959184,216.71641025641023
VPS,DCA,8.0,465.0,58.125,243.1552380952381
VPS,DFW,5.0,188.0,37.6,252.1607305936073
XNA,CLT,59.0,3484.0,59.05084745762712,312.5212556053812
XNA,DCA,29.0,993.0,34.241379310344826,286.6999183673469
XNA,DFW,132.0,8365.0,63.371212121212125,260.6325
XNA,MIA,29.0,1676.0,57.793103448275865,304.4127947598253
XNA,ORD,67.0,3039.0,45.35820895522388,241.36716981132076
