ORIGIN,DEST,TOTAL_DEPARTURES,TOTAL_PASSENGERS,AVG_PAX_PER_FLIGHT
ABE,ORD,10.0,348.0,34.8
ABI,DFW,103.0,4588.0,44.54368932038835
ABQ,AUS,27.0,1074.0,39.77777777777778
ABQ,SAF,1.0,70.0,70.0
AGS,CLT,21.0,822.0,39.142857142857146
AGS,DFW,30.0,1271.0,42.36666666666667
ALB,ORD,19.0,1085.0,57.10526315789474
ALO,ORD,37.0,717.0,19.37837837837838
ATL,CLT,8.0,374.0,46.75
ATL,DCA,52.0,2171.0,41.75
ATL,MIA,29.0,1795.0,61.89655172413793
ATL,ORD,37.0,2357.0,63.7027027027027
ATW,CLT,30.0,2000.0,66.66666666666667
ATW,ORD,49.0,2529.0,51.61224489795919
ATW,TYS,1.0,73.0,73.0
AUS,ABQ,27.0,1214.0,44.96296296296296
AUS,BNA,72.0,3072.0,42.666666666666664
AUS,BZN,4.0,130.0,32.5
AUS,CVG,31.0,1718.0,55.41935483870968
AUS,DFW,38.0,1445.0,38.026315789473685
AUS,ELP,79.0,3803.0,48.139240506329116
AUS,IND,29.0,1547.0,53.3448275862069
AUS,MCI,25.0,1066.0,42.64
AUS,MEM,17.0,536.0,31.529411764705884
AUS,MIA,57.0,4040.0,70.87719298245614
AUS,MSY,82.0,3619.0,44.13414634146341
AUS,OKC,38.0,1502.0,39.526315789473685
AUS,ORD,58.0,3682.0,63.48275862068966
AUS,PSP,31.0,1235.0,39.83870967741935
AUS,RDU,55.0,3182.0,57.85454545454545
AUS,RNO,39.0,1494.0,38.30769230769231
AUS,STL,26.0,1276.0,49.07692307692308
AUS,TUL,25.0,676.0,27.04
AVL,DFW,29.0,1871.0,64.51724137931035
AVP,ORD,10.0,433.0,43.3
AZO,ORD,50.0,2213.0,44.26
BDL,DCA,14.0,830.0,59.285714285714285
BDL,ORD,28.0,1512.0,54.0
BFL,PHX,30.0,1270.0,42.333333333333336
BFL,SBP,1.0,61.0,61.0
BGR,DCA,2.0,114.0,57.0
BHM,CLT,19.0,1156.0,60.8421052631579
BHM,DCA,19.0,742.0,39.05263157894737
BHM,DFW,21.0,1381.0,65.76190476190476
BHM,MIA,31.0,1798.0,58.0
BHM,ORD,30.0,1103.0,36.766666666666666
BIL,DFW,21.0,1296.0,61.714285714285715
BIL,PHX,2.0,63.0,31.5
BIS,DFW,34.0,2006.0,59.0
BMI,ORD,48.0,1692.0,35.25
BNA,AUS,72.0,3330.0,46.25
BNA,CLT,8.0,564.0,70.5
BNA,DCA,39.0,1783.0,45.717948717948715
BNA,MIA,32.0,2269.0,70.90625
BNA,ORD,56.0,3384.0,60.42857142857143
BNA,PIT,1.0,56.0,56.0
BNA,TPA,55.0,3249.0,59.07272727272727
BOI,MSO,1.0,64.0,64.0
BOS,CMH,21.0,852.0,40.57142857142857
BOS,CVG,12.0,408.0,34.0
BOS,MEM,7.0,234.0,33.42857142857143
BOS,ORD,40.0,2617.0,65.425
BOS,SDF,7.0,320.0,45.714285714285715
BOS,STL,9.0,536.0,59.55555555555556
BRO,DFW,40.0,2775.0,69.375
BTR,DFW,76.0,4559.0,59.98684210526316
BTR,JAN,1.0,71.0,71.0
BUF,ORD,27.0,1579.0,58.48148148148148
BWI,MIA,1.0,58.0,58.0
BWI,ORD,50.0,2297.0,45.94
BZN,AUS,4.0,93.0,23.25
BZN,ORD,22.0,1529.0,69.5
CAE,ATL,1.0,58.0,58.0
CHA,CLT,1.0,56.0,56.0
CHA,DFW,75.0,4694.0,62.586666666666666
CHS,DCA,15.0,794.0,52.93333333333333
CHS,MIA,58.0,3715.0,64.05172413793103
CID,DFW,8.0,551.0,68.875
CID,ORD,77.0,3322.0,43.142857142857146
CLE,ORD,68.0,2558.0,37.61764705882353
CLT,AGS,21.0,1042.0,49.61904761904762
CLT,ATL,8.0,376.0,47.0
CLT,ATW,31.0,1724.0,55.61290322580645
CLT,BHM,19.0,1160.0,61.05263157894737
CLT,BNA,8.0,506.0,63.25
CLT,DAY,7.0,297.0,42.42857142857143
CLT,EYW,2.0,151.0,75.5
CLT,GRR,6.0,244.0,40.666666666666664
CLT,GSP,20.0,1171.0,58.55
CLT,HHH,64.0,3495.0,54.609375
CLT,JAX,1.0,67.0,67.0
CLT,MEM,15.0,686.0,45.733333333333334
CLT,MSN,6.0,194.0,32.333333333333336
CLT,SAV,10.0,630.0,63.0
CLT,SGF,66.0,3779.0,57.25757575757576
CLT,XNA,59.0,3267.0,55.3728813559322
CMH,BOS,21.0,769.0,36.61904761904762
CMH,DCA,31.0,1088.0,35.096774193548384
CMH,MIA,63.0,3904.0,61.96825396825397
CMH,ORD,128.0,6719.0,52.4921875
CMI,DFW,57.0,2650.0,46.49122807017544
CMI,ORD,56.0,2133.0,38.089285714285715
COS,DFW,15.0,913.0,60.86666666666667
COU,DFW,65.0,3986.0,61.323076923076925
COU,ORD,19.0,813.0,42.78947368421053
CRP,DFW,70.0,4160.0,59.42857142857143
CVG,AUS,31.0,1563.0,50.41935483870968
CVG,BOS,12.0,408.0,34.0
CVG,CMH,1.0,54.0,54.0
CVG,DCA,15.0,710.0,47.333333333333336
CVG,MIA,62.0,3939.0,63.53225806451613
CVG,ORD,68.0,3157.0,46.4264705882353
CWA,ORD,57.0,2586.0,45.36842105263158
DAB,DFW,9.0,487.0,54.111111111111114
DAY,CLT,7.0,120.0,17.142857142857142
DAY,DFW,48.0,2624.0,54.666666666666664
DAY,ORD,65.0,2623.0,40.353846153846156
DCA,ATL,50.0,1963.0,39.26
DCA,BDL,15.0,786.0,52.4
DCA,BGR,1.0,50.0,50.0
DCA,BHM,19.0,869.0,45.73684210526316
DCA,BNA,41.0,1570.0,38.292682926829265
DCA,CAE,1.0,58.0,58.0
DCA,CHS,15.0,639.0,42.6
DCA,CMH,31.0,1166.0,37.61290322580645
DCA,CVG,15.0,757.0,50.46666666666667
DCA,DSM,75.0,3383.0,45.10666666666667
DCA,GRR,8.0,445.0,55.625
DCA,GSO,18.0,913.0,50.72222222222222
DCA,GSP,6.0,357.0,59.5
DCA,HSV,9.0,315.0,35.0
DCA,LIT,30.0,1428.0,47.6
DCA,MSP,1.0,34.0,34.0
DCA,SDF,6.0,351.0,58.5
DCA,SYR,21.0,942.0,44.857142857142854
DCA,TLH,22.0,682.0,31.0
DCA,VPS,8.0,305.0,38.125
DCA,XNA,29.0,1120.0,38.62068965517241
DFW,ABI,105.0,4768.0,45.40952380952381
DFW,AGS,30.0,1747.0,58.233333333333334
DFW,AUS,38.0,1995.0,52.5
DFW,AVL,30.0,1921.0,64.03333333333333
DFW,BHM,20.0,1010.0,50.5
DFW,BIL,21.0,1263.0,60.142857142857146
DFW,BIS,33.0,1951.0,59.121212121212125
DFW,BOI,1.0,64.0,64.0
DFW,BRO,40.0,1743.0,43.575
DFW,BTR,77.0,4702.0,61.064935064935064
DFW,CHA,75.0,4541.0,60.54666666666667
DFW,CID,8.0,446.0,55.75
DFW,CMI,56.0,2873.0,51.30357142857143
DFW,COS,15.0,1012.0,67.46666666666667
DFW,COU,65.0,4200.0,64.61538461538461
DFW,CRP,69.0,3945.0,57.17391304347826
DFW,DAB,9.0,472.0,52.44444444444444
DFW,DAY,47.0,3007.0,63.97872340425532
DFW,DRO,53.0,2659.0,50.16981132075472
DFW,DSM,1.0,44.0,44.0
DFW,ECP,37.0,2307.0,62.351351351351354
DFW,ELP,15.0,938.0,62.53333333333333
DFW,EVV,38.0,1622.0,42.68421052631579
DFW,FAR,42.0,2668.0,63.523809523809526
DFW,FAT,1.0,55.0,55.0
DFW,FAY,30.0,1881.0,62.7
DFW,FSD,44.0,2790.0,63.40909090909091
DFW,FSM,39.0,2327.0,59.666666666666664
DFW,GJT,69.0,3292.0,47.710144927536234
DFW,GNV,29.0,1741.0,60.03448275862069
DFW,GPT,40.0,2305.0,57.625
DFW,GRK,41.0,1213.0,29.585365853658537
DFW,GRR,28.0,1730.0,61.785714285714285
DFW,HOU,28.0,1655.0,59.107142857142854
DFW,HRL,75.0,3668.0,48.906666666666666
DFW,HSV,43.0,1972.0,45.86046511627907
DFW,ICT,40.0,2344.0,58.6
DFW,IND,6.0,332.0,55.333333333333336
DFW,JAN,69.0,4215.0,61.08695652173913
DFW,LBB,65.0,4134.0,63.6
DFW,LCH,9.0,221.0,24.555555555555557
DFW,LEX,76.0,4129.0,54.328947368421055
DFW,LFT,85.0,3617.0,42.55294117647059
DFW,LIT,103.0,6935.0,67.33009708737865
DFW,LRD,1.0,76.0,76.0
DFW,MAF,89.0,5003.0,56.21348314606742
DFW,MGM,58.0,3421.0,58.98275862068966
DFW,MHK,63.0,3726.0,59.142857142857146
DFW,MLI,18.0,1035.0,57.5
DFW,MOB,58.0,3268.0,56.3448275862069
DFW,MRY,59.0,3132.0,53.08474576271186
DFW,MSN,8.0,434.0,54.25
DFW,MSO,21.0,1084.0,51.61904761904762
DFW,MYR,2.0,127.0,63.5
DFW,OKC,13.0,935.0,71.92307692307692
DFW,OMA,1.0,61.0,61.0
DFW,ORD,1.0,57.0,57.0
DFW,PIA,22.0,1246.0,56.63636363636363
DFW,PNS,20.0,1452.0,72.6
DFW,RAP,61.0,3669.0,60.14754098360656
DFW,SDF,33.0,2080.0,63.03030303030303
DFW,SGF,184.0,10154.0,55.18478260869565
DFW,SHV,61.0,3163.0,51.85245901639344
DFW,SJT,36.0,1799.0,49.97222222222222
DFW,STL,8.0,503.0,62.875
DFW,STS,9.0,475.0,52.77777777777778
DFW,TLH,52.0,3204.0,61.61538461538461
DFW,TRI,11.0,603.0,54.81818181818182
DFW,TUL,4.0,281.0,70.25
DFW,VPS,5.0,297.0,59.4
DFW,XNA,132.0,8379.0,63.47727272727273
DRO,DFW,52.0,2609.0,50.17307692307692
DSM,CID,1.0,50.0,50.0
DSM,DCA,75.0,3209.0,42.78666666666667
DSM,MHK,1.0,44.0,44.0
DSM,MIA,4.0,285.0,71.25
DSM,ORD,54.0,2908.0,53.851851851851855
DTW,AZO,1.0,41.0,41.0
DTW,ORD,47.0,1817.0,38.659574468085104
ECP,DFW,38.0,2344.0,61.68421052631579
ELP,AUS,78.0,3511.0,45.01282051282051
ELP,DFW,15.0,1064.0,70.93333333333334
EVV,DFW,39.0,1432.0,36.717948717948715
EWR,ORD,9.0,639.0,71.0
EYW,CLT,2.0,115.0,57.5
EYW,DCA,1.0,56.0,56.0
EYW,MIA,97.0,5704.0,58.8041237113402
EYW,ORD,9.0,558.0,62.0
FAR,DFW,41.0,2629.0,64.1219512195122
FAR,ORD,68.0,2888.0,42.470588235294116
FAR,PHX,22.0,1230.0,55.90909090909091
FAT,MRY,1.0,55.0,55.0
FAY,DFW,30.0,1545.0,51.5
FNT,ORD,58.0,2485.0,42.8448275862069
FSD,DFW,44.0,2957.0,67.20454545454545
FSD,ORD,70.0,2680.0,38.285714285714285
FSM,DFW,39.0,1747.0,44.794871794871796
FWA,ORD,9.0,358.0,39.77777777777778
GJT,DFW,69.0,3823.0,55.405797101449274
GJT,PHX,31.0,1591.0,51.32258064516129
GNV,DFW,30.0,1778.0,59.266666666666666
GNV,MIA,29.0,910.0,31.379310344827587
GPT,DFW,41.0,2345.0,57.19512195121951
GRB,ORD,54.0,2749.0,50.907407407407405
GRK,DFW,41.0,2096.0,51.1219512195122
GRR,CLT,6.0,262.0,43.666666666666664
GRR,DCA,8.0,418.0,52.25
GRR,DFW,29.0,1918.0,66.13793103448276
GRR,MIA,4.0,294.0,73.5
GRR,ORD,78.0,4271.0,54.756410256410255
GSO,DCA,18.0,614.0,34.111111111111114
GSO,MIA,31.0,2075.0,66.93548387096774
GSO,ORD,59.0,1822.0,30.88135593220339
GSP,CLT,20.0,1290.0,64.5
GSP,DCA,6.0,176.0,29.333333333333332
GSP,MIA,31.0,1968.0,63.483870967741936
GSP,ORD,28.0,1381.0,49.32142857142857
HHH,CLT,65.0,3771.0,58.01538461538462
HOU,DFW,28.0,1614.0,57.642857142857146
HOU,MIA,1.0,0.0,0.0
HPN,MIA,21.0,1148.0,54.666666666666664
HPN,ORD,58.0,2006.0,34.58620689655172
HRL,BRO,1.0,32.0,32.0
HRL,DFW,74.0,4750.0,64.1891891891892
HSV,BHM,1.0,76.0,76.0
HSV,DCA,8.0,300.0,37.5
HSV,DFW,43.0,2232.0,51.906976744186046
HSV,ORD,8.0,329.0,41.125
IAH,MIA,50.0,3478.0,69.56
IAH,ORD,31.0,1846.0,59.54838709677419
ICT,DFW,38.0,2247.0,59.13157894736842
ICT,MHK,2.0,69.0,34.5
ICT,ORD,67.0,2717.0,40.55223880597015
IND,AUS,29.0,1671.0,57.62068965517241
IND,DCA,1.0,33.0,33.0
IND,DFW,6.0,187.0,31.166666666666668
IND,MIA,30.0,1795.0,59.833333333333336
IND,ORD,52.0,2580.0,49.61538461538461
JAN,DFW,69.0,4273.0,61.927536231884055
JAN,GPT,1.0,48.0,48.0
JAX,HHH,1.0,67.0,67.0
JAX,MIA,128.0,6394.0,49.953125
JAX,ORD,3.0,219.0,73.0
LAN,ORD,47.0,1655.0,35.212765957446805
LBB,DFW,66.0,3428.0,51.93939393939394
LBB,PHX,31.0,1678.0,54.12903225806452
LCH,DFW,9.0,415.0,46.111111111111114
LEX,CMI,1.0,17.0,17.0
LEX,DFW,77.0,3864.0,50.18181818181818
LEX,ORD,57.0,1889.0,33.14035087719298
LFT,DFW,84.0,4436.0,52.80952380952381
LIT,DCA,30.0,1135.0,37.833333333333336
LIT,DFW,103.0,6640.0,64.46601941747574
LIT,MIA,1.0,57.0,57.0
LIT,ORD,67.0,2520.0,37.61194029850746
LRD,CRP,1.0,76.0,76.0
LSE,ORD,19.0,856.0,45.05263157894737
MAF,DFW,88.0,5484.0,62.31818181818182
MAF,PHX,21.0,1044.0,49.714285714285715
MCI,AUS,25.0,1276.0,51.04
MCI,CMI,1.0,42.0,42.0
MCI,ORD,64.0,3600.0,56.25
MEM,AUS,17.0,295.0,17.352941176470587
MEM,BOS,7.0,305.0,43.57142857142857
MEM,CLT,15.0,746.0,49.733333333333334
MEM,ORD,79.0,2873.0,36.36708860759494
MGM,DFW,58.0,3379.0,58.258620689655174
MHK,DFW,65.0,3780.0,58.15384615384615
MHK,ORD,58.0,1785.0,30.775862068965516
MIA,ATL,29.0,1947.0,67.13793103448276
MIA,AUS,57.0,3834.0,67.26315789473684
MIA,BHM,31.0,1882.0,60.70967741935484
MIA,BNA,33.0,2378.0,72.06060606060606
MIA,BWI,1.0,69.0,69.0
MIA,CHS,57.0,3989.0,69.98245614035088
MIA,CMH,62.0,4261.0,68.7258064516129
MIA,CVG,61.0,4093.0,67.09836065573771
MIA,DSM,4.0,259.0,64.75
MIA,EYW,97.0,4206.0,43.36082474226804
MIA,GNV,30.0,1510.0,50.333333333333336
MIA,GRR,4.0,284.0,71.0
MIA,GSO,31.0,1926.0,62.12903225806452
MIA,GSP,31.0,1874.0,60.45161290322581
MIA,HOU,1.0,74.0,74.0
MIA,HPN,22.0,1091.0,49.59090909090909
MIA,IAH,50.0,3584.0,71.68
MIA,IND,29.0,2104.0,72.55172413793103
MIA,JAX,127.0,7664.0,60.346456692913385
MIA,LIT,1.0,71.0,71.0
MIA,MSN,4.0,273.0,68.25
MIA,MSY,25.0,1862.0,74.48
MIA,PNS,80.0,4725.0,59.0625
MIA,PVD,3.0,183.0,61.0
MIA,RDU,32.0,2285.0,71.40625
MIA,ROC,4.0,271.0,67.75
MIA,SAV,46.0,2492.0,54.17391304347826
MIA,SYR,1.0,73.0,73.0
MIA,TLH,91.0,4732.0,52.0
MIA,TPA,22.0,1365.0,62.04545454545455
MIA,TYS,31.0,1969.0,63.516129032258064
MIA,XNA,29.0,1527.0,52.6551724137931
MKE,ORD,36.0,1752.0,48.666666666666664
MLI,AZO,1.0,37.0,37.0
MLI,DFW,19.0,1141.0,60.05263157894737
MLI,ORD,49.0,1887.0,38.51020408163265
MOB,DFW,58.0,2959.0,51.01724137931034
MQT,ORD,35.0,1462.0,41.77142857142857
MRY,DFW,60.0,3216.0,53.6
MRY,PHX,50.0,2946.0,58.92
MSN,CLT,6.0,155.0,25.833333333333332
MSN,DFW,8.0,503.0,62.875
MSN,MIA,4.0,293.0,73.25
MSN,ORD,85.0,4573.0,53.8
MSN,PHX,1.0,52.0,52.0
MSO,DFW,22.0,1360.0,61.81818181818182
MSP,DCA,1.0,69.0,69.0
MSP,ORD,53.0,2623.0,49.490566037735846
MSY,AUS,82.0,3731.0,45.5
MSY,MIA,25.0,1778.0,71.12
MSY,ORD,19.0,1051.0,55.31578947368421
MYR,DFW,2.0,134.0,67.0
OKC,AUS,37.0,932.0,25.18918918918919
OKC,DFW,13.0,527.0,40.53846153846154
OKC,ORD,64.0,2738.0,42.78125
OKC,SPI,1.0,38.0,38.0
OMA,FSD,1.0,61.0,61.0
OMA,ORD,36.0,1961.0,54.47222222222222
ORD,ABE,9.0,286.0,31.77777777777778
ORD,ALB,18.0,932.0,51.77777777777778
ORD,ALO,37.0,500.0,13.513513513513514
ORD,ATL,37.0,2227.0,60.189189189189186
ORD,ATW,49.0,2277.0,46.46938775510204
ORD,AUS,57.0,3067.0,53.80701754385965
ORD,AVP,9.0,365.0,40.55555555555556
ORD,AZO,48.0,2064.0,43.0
ORD,BDL,28.0,1657.0,59.17857142857143
ORD,BHM,30.0,1018.0,33.93333333333333
ORD,BMI,47.0,1452.0,30.893617021276597
ORD,BNA,57.0,3201.0,56.1578947368421
ORD,BOS,39.0,2289.0,58.69230769230769
ORD,BUF,26.0,1185.0,45.57692307692308
ORD,BWI,51.0,2470.0,48.431372549019606
ORD,BZN,22.0,1174.0,53.36363636363637
ORD,CID,76.0,3277.0,43.11842105263158
ORD,CLE,69.0,2277.0,33.0
ORD,CLT,1.0,46.0,46.0
ORD,CMH,128.0,6091.0,47.5859375
ORD,CMI,55.0,2190.0,39.81818181818182
ORD,COU,18.0,659.0,36.611111111111114
ORD,CVG,69.0,3203.0,46.42028985507246
ORD,CWA,58.0,2048.0,35.310344827586206
ORD,DAY,66.0,2306.0,34.93939393939394
ORD,DFW,1.0,0.0,0.0
ORD,DSM,56.0,2638.0,47.107142857142854
ORD,DTW,47.0,1615.0,34.361702127659576
ORD,EWR,9.0,528.0,58.666666666666664
ORD,EYW,9.0,614.0,68.22222222222223
ORD,FAR,68.0,2717.0,39.955882352941174
ORD,FNT,58.0,2183.0,37.63793103448276
ORD,FSD,71.0,2796.0,39.38028169014085
ORD,FWA,9.0,303.0,33.666666666666664
ORD,GRB,54.0,2340.0,43.333333333333336
ORD,GRR,79.0,3786.0,47.924050632911396
ORD,GSO,60.0,1868.0,31.133333333333333
ORD,GSP,28.0,989.0,35.32142857142857
ORD,HPN,59.0,2233.0,37.847457627118644
ORD,HSV,8.0,249.0,31.125
ORD,IAH,32.0,1892.0,59.125
ORD,ICT,68.0,2698.0,39.6764705882353
ORD,IND,52.0,2940.0,56.53846153846154
ORD,JAX,3.0,201.0,67.0
ORD,LAN,48.0,1773.0,36.9375
ORD,LEX,59.0,2104.0,35.66101694915254
ORD,LIT,68.0,2638.0,38.794117647058826
ORD,LSE,18.0,603.0,33.5
ORD,MCI,65.0,3392.0,52.184615384615384
ORD,MEM,79.0,3059.0,38.721518987341774
ORD,MHK,57.0,2130.0,37.36842105263158
ORD,MKE,35.0,1470.0,42.0
ORD,MLI,50.0,1639.0,32.78
ORD,MQT,35.0,1027.0,29.34285714285714
ORD,MSN,86.0,3790.0,44.06976744186046
ORD,MSP,53.0,2448.0,46.18867924528302
ORD,MSY,19.0,1074.0,56.526315789473685
ORD,OKC,66.0,2867.0,43.43939393939394
ORD,OMA,35.0,1624.0,46.4
ORD,ORF,40.0,1860.0,46.5
ORD,PIA,49.0,1372.0,28.0
ORD,PIT,13.0,507.0,39.0
ORD,PVD,36.0,1457.0,40.47222222222222
ORD,RDU,46.0,2021.0,43.93478260869565
ORD,RIC,22.0,987.0,44.86363636363637
ORD,ROC,41.0,2168.0,52.8780487804878
ORD,RST,66.0,2505.0,37.95454545454545
ORD,SDF,45.0,1730.0,38.44444444444444
ORD,SGF,78.0,2564.0,32.87179487179487
ORD,SLC,1.0,68.0,68.0
ORD,SRQ,1.0,73.0,73.0
ORD,STL,67.0,3685.0,55.0
ORD,SYR,24.0,1453.0,60.541666666666664
ORD,TUL,24.0,1409.0,58.708333333333336
ORD,TVC,66.0,2223.0,33.68181818181818
ORD,TYS,48.0,1810.0,37.708333333333336
ORD,XNA,67.0,2650.0,39.55223880597015
ORF,ORD,40.0,1799.0,44.975
PHX,ABQ,1.0,70.0,70.0
PHX,BFL,31.0,1695.0,54.67741935483871
PHX,BIL,2.0,92.0,46.0
PHX,FAR,22.0,1243.0,56.5
PHX,GJT,30.0,1157.0,38.56666666666667
PHX,LBB,30.0,1422.0,47.4
PHX,MAF,22.0,967.0,43.95454545454545
PHX,MRY,51.0,2748.0,53.88235294117647
PHX,SAF,20.0,1058.0,52.9
PHX,SBA,7.0,463.0,66.14285714285714
PHX,SBP,49.0,2589.0,52.83673469387755
PHX,STS,21.0,1279.0,60.904761904761905
PHX,TUL,22.0,1410.0,64.0909090909091
PHX,TUS,43.0,2762.0,64.23255813953489
PIA,DFW,21.0,1327.0,63.19047619047619
PIA,ORD,49.0,1678.0,34.244897959183675
PIT,DCA,1.0,56.0,56.0
PIT,ORD,13.0,780.0,60.0
PNS,DFW,20.0,1214.0,60.7
PNS,MIA,80.0,4179.0,52.2375
PSP,AUS,30.0,1542.0,51.4
PVD,MIA,3.0,154.0,51.333333333333336
PVD,ORD,35.0,1416.0,40.457142857142856
RAP,DFW,61.0,3979.0,65.22950819672131
RDU,AUS,55.0,2934.0,53.345454545454544
RDU,DFW,1.0,58.0,58.0
RDU,MIA,31.0,2074.0,66.90322580645162
RDU,ORD,45.0,2253.0,50.06666666666667
RDU,TPA,9.0,276.0,30.666666666666668
RIC,ORD,21.0,701.0,33.38095238095238
RNO,AUS,39.0,1632.0,41.84615384615385
ROC,MIA,4.0,253.0,63.25
ROC,ORD,41.0,2341.0,57.09756097560975
RST,ORD,66.0,2935.0,44.46969696969697
SAF,PHX,21.0,719.0,34.23809523809524
SAV,CHS,1.0,66.0,66.0
SAV,CLT,10.0,537.0,53.7
SAV,MIA,45.0,2597.0,57.71111111111111
SBA,PHX,7.0,214.0,30.571428571428573
SBP,PHX,49.0,2311.0,47.16326530612245
SDF,BOS,7.0,276.0,39.42857142857143
SDF,DCA,6.0,382.0,63.666666666666664
SDF,DFW,34.0,2158.0,63.470588235294116
SDF,ORD,45.0,2071.0,46.022222222222226
SGF,CHA,1.0,54.0,54.0
SGF,CLT,66.0,3485.0,52.803030303030305
SGF,DFW,183.0,10731.0,58.63934426229508
SGF,ORD,78.0,2499.0,32.03846153846154
SHV,DFW,60.0,3543.0,59.05
SJT,DFW,37.0,1311.0,35.432432432432435
SLC,ORD,1.0,76.0,76.0
SPI,ORD,1.0,38.0,38.0
SRQ,ORD,1.0,70.0,70.0
STL,AUS,26.0,1024.0,39.38461538461539
STL,BOS,9.0,495.0,55.0
STL,DFW,8.0,437.0,54.625
STL,ORD,64.0,3782.0,59.09375
STL,SDF,1.0,25.0,25.0
STS,DFW,9.0,425.0,47.22222222222222
STS,PHX,21.0,1062.0,50.57142857142857
SYR,DCA,21.0,1375.0,65.47619047619048
SYR,MIA,1.0,73.0,73.0
SYR,ORD,25.0,1571.0,62.84
TLH,DCA,21.0,658.0,31.333333333333332
TLH,DFW,51.0,2975.0,58.333333333333336
TLH,GNV,1.0,72.0,72.0
TLH,MIA,91.0,3903.0,42.89010989010989
TPA,BNA,55.0,3491.0,63.472727272727276
TPA,MIA,22.0,1105.0,50.22727272727273
TPA,RDU,8.0,364.0,45.5
TRI,DFW,11.0,553.0,50.27272727272727
TUL,AUS,25.0,829.0,33.16
TUL,DFW,4.0,278.0,69.5
TUL,ORD,24.0,1469.0,61.208333333333336
TUL,PHX,23.0,1394.0,60.608695652173914
TUS,PHX,43.0,2424.0,56.372093023255815
TVC,ORD,64.0,2728.0,42.625
TYS,CLT,1.0,73.0,73.0
TYS,MIA,32.0,2145.0,67.03125
TYS,ORD,49.0,2211.0,45.12244897959184
VPS,DCA,8.0,465.0,58.125
VPS,DFW,5.0,188.0,37.6
XNA,CLT,59.0,3484.0,59.05084745762712
XNA,DCA,29.0,993.0,34.241379310344826
XNA,DFW,132.0,8365.0,63.371212121212125
XNA,MIA,29.0,1676.0,57.793103448275865
XNA,ORD,67.0,3039.0,45.35820895522388
