YEAR,MONTH,UNIQUE_CARRIER,AIRLINE_ID,ORIGIN,DEST,AIRCRAFT_TYPE,DEPARTURES_PERFORMED,PASSENGERS,SEATS,RAMP_TO_RAMP,AIRCRAFT_NAME
2023,1,MQ,20398,ORD,ATW,675,1.0,20.0,50.0,45.0,ERJ145
2023,1,MQ,20398,STL,SDF,675,1.0,25.0,50.0,69.0,ERJ145
2023,1,MQ,20398,ORD,STL,675,1.0,25.0,50.0,184.0,ERJ145
2023,1,MQ,20398,ICT,MHK,675,1.0,31.0,50.0,37.0,ERJ145
2023,1,MQ,20398,EVV,DFW,675,1.0,31.0,50.0,131.0,ERJ145
2023,1,MQ,20398,ORD,OKC,675,1.0,32.0,50.0,194.0,ERJ145
2023,1,MQ,20398,ALB,ORD,675,1.0,35.0,50.0,134.0,ERJ145
2023,1,MQ,20398,MLI,AZO,675,1.0,37.0,50.0,89.0,ERJ145
2023,1,MQ,20398,ORD,LEX,675,1.0,39.0,50.0,95.0,ERJ145
2023,1,MQ,20398,OKC,ORD,675,1.0,40.0,50.0,116.0,ERJ145
2023,1,MQ,20398,DTW,AZO,675,1.0,41.0,50.0,56.0,ERJ145
2023,1,MQ,20398,LEX,ORD,675,1.0,42.0,50.0,96.0,ERJ145
2023,1,MQ,20398,MCI,CMI,675,1.0,42.0,50.0,103.0,ERJ145
2023,1,MQ,20398,ATW,ORD,675,1.0,45.0,50.0,81.0,ERJ145
2023,1,MQ,20398,ORD,ALB,675,1.0,48.0,50.0,116.0,ERJ145
2023,1,MQ,20398,DSM,CID,675,1.0,50.0,50.0,41.0,ERJ145
2023,1,MQ,20398,DSM,DCA,677,1.0,15.0,65.0,133.0,ERJ170
2023,1,MQ,20398,CMI,ORD,677,1.0,17.0,65.0,60.0,ERJ170
2023,1,MQ,20398,LEX,CMI,677,1.0,17.0,65.0,121.0,ERJ170
2023,1,MQ,20398,DCA,CMH,677,1.0,29.0,65.0,82.0,ERJ170
2023,1,MQ,20398,DFW,CHA,677,1.0,30.0,65.0,114.0,ERJ170
2023,1,MQ,20398,OMA,ORD,677,1.0,34.0,65.0,87.0,ERJ170
2023,1,MQ,20398,STL,ORD,677,1.0,36.0,65.0,99.0,ERJ170
2023,1,MQ,20398,MSN,CLT,677,1.0,37.0,65.0,119.0,ERJ170
2023,1,MQ,20398,ORD,STL,677,1.0,38.0,65.0,102.0,ERJ170
2023,1,MQ,20398,CLT,DAY,677,1.0,44.0,65.0,96.0,ERJ170
2023,1,MQ,20398,DFW,AUS,677,1.0,45.0,65.0,55.0,ERJ170
2023,1,MQ,20398,ORD,GRB,677,1.0,45.0,65.0,76.0,ERJ170
2023,1,MQ,20398,MLI,DFW,677,1.0,45.0,65.0,150.0,ERJ170
2023,1,MQ,20398,DFW,SGF,677,1.0,46.0,65.0,72.0,ERJ170
2023,1,MQ,20398,ORD,CLT,677,1.0,46.0,65.0,174.0,ERJ170
2023,1,MQ,20398,DFW,LEX,677,1.0,48.0,65.0,134.0,ERJ170
2023,1,MQ,20398,ORD,ROC,677,1.0,49.0,65.0,86.0,ERJ170
2023,1,MQ,20398,GRB,ORD,677,1.0,56.0,65.0,92.0,ERJ170
2023,1,MQ,20398,SGF,DFW,677,1.0,57.0,65.0,88.0,ERJ170
2023,1,MQ,20398,ORD,BUF,677,1.0,61.0,65.0,81.0,ERJ170
2023,1,MQ,20398,ROC,ORD,677,1.0,61.0,65.0,155.0,ERJ170
2023,1,MQ,20398,BUF,ORD,677,1.0,61.0,65.0,174.0,ERJ170
2023,1,MQ,20398,CHA,DFW,677,1.0,63.0,65.0,129.0,ERJ170
2023,1,MQ,20398,LIT,DFW,677,1.0,64.0,65.0,74.0,ERJ170
2023,1,MQ,20398,ORD,OMA,677,1.0,65.0,65.0,107.0,ERJ170
2023,1,MQ,20398,AUS,ORD,677,1.0,65.0,65.0,153.0,ERJ170
2023,1,MQ,20398,HOU,MIA,673,1.0,0.0,76.0,156.0,ERJ175
2023,1,MQ,20398,ORD,DFW,673,1.0,0.0,76.0,220.0,ERJ175
2023,1,MQ,20398,MHK,ORD,673,1.0,30.0,76.0,112.0,ERJ175
2023,1,MQ,20398,HRL,BRO,673,1.0,32.0,76.0,30.0,ERJ175
2023,1,MQ,20398,IND,DCA,673,1.0,33.0,76.0,93.0,ERJ175
2023,1,MQ,20398,DCA,MSP,673,1.0,34.0,76.0,173.0,ERJ175
2023,1,MQ,20398,ICT,MHK,673,1.0,38.0,76.0,41.0,ERJ175
2023,1,MQ,20398,SPI,ORD,673,1.0,38.0,76.0,62.0,ERJ175
2023,1,MQ,20398,OKC,SPI,673,1.0,38.0,76.0,190.0,ERJ175
2023,1,MQ,20398,ORD,MHK,673,1.0,41.0,76.0,100.0,ERJ175
2023,1,MQ,20398,ORD,BHM,673,1.0,43.0,76.0,117.0,ERJ175
2023,1,MQ,20398,DSM,MHK,673,1.0,44.0,76.0,70.0,ERJ175
2023,1,MQ,20398,DFW,DSM,673,1.0,44.0,76.0,101.0,ERJ175
2023,1,MQ,20398,ORD,CLE,673,1.0,45.0,76.0,64.0,ERJ175
2023,1,MQ,20398,JAN,GPT,673,1.0,48.0,76.0,60.0,ERJ175
2023,1,MQ,20398,DCA,BGR,673,1.0,50.0,76.0,124.0,ERJ175
2023,1,MQ,20398,MSN,PHX,673,1.0,52.0,76.0,277.0,ERJ175
2023,1,MQ,20398,ORD,CID,673,1.0,53.0,76.0,56.0,ERJ175
2023,1,MQ,20398,CVG,CMH,673,1.0,54.0,76.0,49.0,ERJ175
2023,1,MQ,20398,SGF,CHA,673,1.0,54.0,76.0,180.0,ERJ175
2023,1,MQ,20398,FAT,MRY,673,1.0,55.0,76.0,55.0,ERJ175
2023,1,MQ,20398,DFW,FAT,673,1.0,55.0,76.0,289.0,ERJ175
2023,1,MQ,20398,CHA,CLT,673,1.0,56.0,76.0,66.0,ERJ175
2023,1,MQ,20398,PIT,DCA,673,1.0,56.0,76.0,72.0,ERJ175
2023,1,MQ,20398,BNA,PIT,673,1.0,56.0,76.0,147.0,ERJ175
2023,1,MQ,20398,EYW,DCA,673,1.0,56.0,76.0,148.0,ERJ175
2023,1,MQ,20398,LIT,MIA,673,1.0,57.0,76.0,130.0,ERJ175
2023,1,MQ,20398,DFW,ORD,673,1.0,57.0,76.0,170.0,ERJ175
2023,1,MQ,20398,CAE,ATL,673,1.0,58.0,76.0,77.0,ERJ175
2023,1,MQ,20398,DCA,CAE,673,1.0,58.0,76.0,121.0,ERJ175
2023,1,MQ,20398,BWI,MIA,673,1.0,58.0,76.0,156.0,ERJ175
2023,1,MQ,20398,RDU,DFW,673,1.0,58.0,76.0,201.0,ERJ175
2023,1,MQ,20398,CID,ORD,673,1.0,60.0,76.0,67.0,ERJ175
2023,1,MQ,20398,OMA,FSD,673,1.0,61.0,76.0,68.0,ERJ175
2023,1,MQ,20398,DFW,OMA,673,1.0,61.0,76.0,120.0,ERJ175
2023,1,MQ,20398,BFL,SBP,673,1.0,61.0,76.0,146.0,ERJ175
2023,1,MQ,20398,BHM,ORD,673,1.0,62.0,76.0,114.0,ERJ175
2023,1,MQ,20398,BOI,MSO,673,1.0,64.0,76.0,64.0,ERJ175
2023,1,MQ,20398,DFW,BOI,673,1.0,64.0,76.0,264.0,ERJ175
2023,1,MQ,20398,SAV,CHS,673,1.0,66.0,76.0,39.0,ERJ175
2023,1,MQ,20398,JAX,HHH,673,1.0,67.0,76.0,45.0,ERJ175
2023,1,MQ,20398,CLT,JAX,673,1.0,67.0,76.0,131.0,ERJ175
2023,1,MQ,20398,MQT,ORD,673,1.0,68.0,76.0,80.0,ERJ175
2023,1,MQ,20398,ORD,SLC,673,1.0,68.0,76.0,228.0,ERJ175
2023,1,MQ,20398,MSP,DCA,673,1.0,69.0,76.0,142.0,ERJ175
2023,1,MQ,20398,MIA,BWI,673,1.0,69.0,76.0,173.0,ERJ175
2023,1,MQ,20398,ABQ,SAF,673,1.0,70.0,76.0,40.0,ERJ175
2023,1,MQ,20398,PHX,ABQ,673,1.0,70.0,76.0,174.0,ERJ175
2023,1,MQ,20398,SRQ,ORD,673,1.0,70.0,76.0,186.0,ERJ175
2023,1,MQ,20398,BTR,JAN,673,1.0,71.0,76.0,51.0,ERJ175
2023,1,MQ,20398,MIA,LIT,673,1.0,71.0,76.0,166.0,ERJ175
2023,1,MQ,20398,TLH,GNV,673,1.0,72.0,76.0,52.0,ERJ175
2023,1,MQ,20398,TYS,CLT,673,1.0,73.0,76.0,61.0,ERJ175
2023,1,MQ,20398,ORD,SRQ,673,1.0,73.0,76.0,173.0,ERJ175
2023,1,MQ,20398,ATW,TYS,673,1.0,73.0,76.0,180.0,ERJ175
2023,1,MQ,20398,SYR,MIA,673,1.0,73.0,76.0,181.0,ERJ175
2023,1,MQ,20398,MIA,SYR,673,1.0,73.0,76.0,188.0,ERJ175
2023,1,MQ,20398,MIA,HOU,673,1.0,74.0,76.0,232.0,ERJ175
2023,1,MQ,20398,HSV,BHM,673,1.0,76.0,76.0,35.0,ERJ175
2023,1,MQ,20398,LRD,CRP,673,1.0,76.0,76.0,37.0,ERJ175
2023,1,MQ,20398,DFW,LRD,673,1.0,76.0,76.0,134.0,ERJ175
2023,1,MQ,20398,SLC,ORD,673,1.0,76.0,76.0,229.0,ERJ175
2023,1,MQ,20398,BDL,ORD,677,2.0,66.0,130.0,344.0,ERJ170
2023,1,MQ,20398,ORD,SDF,677,2.0,68.0,130.0,151.0,ERJ170
2023,1,MQ,20398,ORD,BDL,677,2.0,75.0,130.0,245.0,ERJ170
2023,1,MQ,20398,ORD,BNA,677,2.0,83.0,130.0,231.0,ERJ170
2023,1,MQ,20398,BNA,ORD,677,2.0,104.0,130.0,213.0,ERJ170
2023,1,MQ,20398,SDF,ORD,677,2.0,108.0,130.0,159.0,ERJ170
2023,1,MQ,20398,BIL,PHX,673,2.0,63.0,152.0,325.0,ERJ175
2023,1,MQ,20398,ORD,SGF,673,2.0,70.0,152.0,203.0,ERJ175
2023,1,MQ,20398,RIC,ORD,673,2.0,73.0,152.0,267.0,ERJ175
2023,1,MQ,20398,PHX,BIL,673,2.0,92.0,152.0,260.0,ERJ175
2023,1,MQ,20398,ORD,TYS,673,2.0,97.0,152.0,224.0,ERJ175
2023,1,MQ,20398,ORD,MQT,673,2.0,101.0,152.0,152.0,ERJ175
2023,1,MQ,20398,ORD,ALB,673,2.0,107.0,152.0,250.0,ERJ175
2023,1,MQ,20398,ALB,ORD,673,2.0,113.0,152.0,300.0,ERJ175
2023,1,MQ,20398,BGR,DCA,673,2.0,114.0,152.0,242.0,ERJ175
2023,1,MQ,20398,EYW,CLT,673,2.0,115.0,152.0,281.0,ERJ175
2023,1,MQ,20398,TYS,ORD,673,2.0,123.0,152.0,214.0,ERJ175
2023,1,MQ,20398,DFW,MYR,673,2.0,127.0,152.0,307.0,ERJ175
2023,1,MQ,20398,MYR,DFW,673,2.0,134.0,152.0,391.0,ERJ175
2023,1,MQ,20398,CLT,EYW,673,2.0,151.0,152.0,302.0,ERJ175
2023,1,MQ,20398,ORD,MKE,677,3.0,130.0,195.0,176.0,ERJ170
2023,1,MQ,20398,MKE,ORD,677,3.0,170.0,195.0,173.0,ERJ170
2023,1,MQ,20398,SGF,ORD,673,3.0,98.0,228.0,260.0,ERJ175
2023,1,MQ,20398,ORD,RIC,673,3.0,148.0,228.0,313.0,ERJ175
2023,1,MQ,20398,PVD,MIA,673,3.0,154.0,228.0,599.0,ERJ175
2023,1,MQ,20398,MIA,PVD,673,3.0,183.0,228.0,561.0,ERJ175
2023,1,MQ,20398,ORD,JAX,673,3.0,201.0,228.0,445.0,ERJ175
2023,1,MQ,20398,JAX,ORD,673,3.0,219.0,228.0,463.0,ERJ175
2023,1,MQ,20398,ICT,ORD,677,4.0,170.0,260.0,498.0,ERJ170
2023,1,MQ,20398,ORD,ICT,677,4.0,219.0,260.0,535.0,ERJ170
2023,1,MQ,20398,BZN,AUS,673,4.0,93.0,304.0,737.0,ERJ175
2023,1,MQ,20398,AUS,BZN,673,4.0,130.0,304.0,842.0,ERJ175
2023,1,MQ,20398,ROC,MIA,673,4.0,253.0,304.0,720.0,ERJ175
2023,1,MQ,20398,MIA,DSM,673,4.0,259.0,304.0,886.0,ERJ175
2023,1,MQ,20398,MIA,ROC,673,4.0,271.0,304.0,808.0,ERJ175
2023,1,MQ,20398,MIA,MSN,673,4.0,273.0,304.0,868.0,ERJ175
2023,1,MQ,20398,TUL,DFW,673,4.0,278.0,304.0,322.0,ERJ175
2023,1,MQ,20398,DFW,TUL,673,4.0,281.0,304.0,251.0,ERJ175
2023,1,MQ,20398,MIA,GRR,673,4.0,284.0,304.0,831.0,ERJ175
2023,1,MQ,20398,DSM,MIA,673,4.0,285.0,304.0,815.0,ERJ175
2023,1,MQ,20398,MSN,MIA,673,4.0,293.0,304.0,783.0,ERJ175
2023,1,MQ,20398,GRR,MIA,673,4.0,294.0,304.0,750.0,ERJ175
2023,1,MQ,20398,ORD,GSP,673,4.0,138.0,304.0,395.0,ERJ175
2023,1,MQ,20398,GSP,ORD,673,4.0,225.0,304.0,494.0,ERJ175
2023,1,MQ,20398,CVG,ORD,677,5.0,231.0,325.0,411.0,ERJ170
2023,1,MQ,20398,IND,ORD,677,5.0,236.0,325.0,329.0,ERJ170
2023,1,MQ,20398,ORD,CVG,677,5.0,246.0,325.0,370.0,ERJ170
2023,1,MQ,20398,ORD,IND,677,5.0,251.0,325.0,278.0,ERJ170
2023,1,MQ,20398,MSN,CLT,673,5.0,118.0,380.0,674.0,ERJ175
2023,1,MQ,20398,ORD,TVC,673,5.0,247.0,380.0,365.0,ERJ175
2023,1,MQ,20398,TVC,ORD,673,5.0,307.0,380.0,433.0,ERJ175
2023,1,MQ,20398,MEM,ORD,677,6.0,159.0,390.0,677.0,ERJ170
2023,1,MQ,20398,MEM,CLT,677,6.0,214.0,390.0,617.0,ERJ170
2023,1,MQ,20398,CLT,MEM,677,6.0,257.0,390.0,730.0,ERJ170
2023,1,MQ,20398,ORD,MEM,677,6.0,271.0,390.0,622.0,ERJ170
2023,1,MQ,20398,TUL,ORD,677,6.0,334.0,390.0,661.0,ERJ170
2023,1,MQ,20398,ORD,TUL,677,6.0,344.0,390.0,772.0,ERJ170
2023,1,MQ,20398,GSP,DCA,673,6.0,176.0,456.0,488.0,ERJ175
2023,1,MQ,20398,IND,DFW,673,6.0,187.0,456.0,918.0,ERJ175
2023,1,MQ,20398,CLT,MSN,673,6.0,194.0,456.0,865.0,ERJ175
2023,1,MQ,20398,CLT,GRR,673,6.0,244.0,456.0,744.0,ERJ175
2023,1,MQ,20398,CLT,DAY,673,6.0,253.0,456.0,528.0,ERJ175
2023,1,MQ,20398,GRR,CLT,673,6.0,262.0,456.0,667.0,ERJ175
2023,1,MQ,20398,DFW,IND,673,6.0,332.0,456.0,862.0,ERJ175
2023,1,MQ,20398,DCA,SDF,673,6.0,351.0,456.0,681.0,ERJ175
2023,1,MQ,20398,DCA,GSP,673,6.0,357.0,456.0,503.0,ERJ175
2023,1,MQ,20398,SDF,DCA,673,6.0,382.0,456.0,539.0,ERJ175
2023,1,MQ,20398,VPS,DFW,673,5.0,188.0,380.0,705.0,ERJ175
2023,1,MQ,20398,DFW,VPS,673,5.0,297.0,380.0,562.0,ERJ175
2023,1,MQ,20398,ORD,RST,673,6.0,343.0,456.0,434.0,ERJ175
2023,1,MQ,20398,ORD,DAY,677,7.0,233.0,455.0,506.0,ERJ170
2023,1,MQ,20398,ORD,TYS,677,7.0,266.0,455.0,736.0,ERJ170
2023,1,MQ,20398,TYS,ORD,677,7.0,398.0,455.0,696.0,ERJ170
2023,1,MQ,20398,DAY,CLT,673,7.0,120.0,532.0,652.0,ERJ175
2023,1,MQ,20398,BOS,MEM,673,7.0,234.0,532.0,1452.0,ERJ175
2023,1,MQ,20398,SDF,BOS,673,7.0,276.0,532.0,960.0,ERJ175
2023,1,MQ,20398,MEM,BOS,673,7.0,305.0,532.0,1112.0,ERJ175
2023,1,MQ,20398,BOS,SDF,673,7.0,320.0,532.0,1128.0,ERJ175
2023,1,MQ,20398,SBA,PHX,673,7.0,214.0,532.0,619.0,ERJ175
2023,1,MQ,20398,RST,ORD,673,7.0,358.0,532.0,662.0,ERJ175
2023,1,MQ,20398,PHX,SBA,673,7.0,463.0,532.0,665.0,ERJ175
2023,1,MQ,20398,ORD,HSV,675,8.0,249.0,400.0,915.0,ERJ145
2023,1,MQ,20398,HSV,ORD,675,8.0,329.0,400.0,898.0,ERJ145
2023,1,MQ,20398,ORD,TVC,677,8.0,310.0,520.0,535.0,ERJ170
2023,1,MQ,20398,ORD,PVD,677,8.0,333.0,520.0,1079.0,ERJ170
2023,1,MQ,20398,TVC,ORD,677,8.0,390.0,520.0,612.0,ERJ170
2023,1,MQ,20398,OKC,ORD,677,8.0,422.0,520.0,1010.0,ERJ170
2023,1,MQ,20398,ORD,OKC,677,8.0,422.0,520.0,1174.0,ERJ170
2023,1,MQ,20398,PVD,ORD,677,8.0,424.0,520.0,1321.0,ERJ170
2023,1,MQ,20398,HSV,DCA,673,8.0,300.0,608.0,886.0,ERJ175
2023,1,MQ,20398,DCA,VPS,673,8.0,305.0,608.0,1246.0,ERJ175
2023,1,MQ,20398,DAY,ORD,673,8.0,403.0,608.0,613.0,ERJ175
2023,1,MQ,20398,GRR,DCA,673,8.0,418.0,608.0,789.0,ERJ175
2023,1,MQ,20398,DFW,MSN,673,8.0,434.0,608.0,1027.0,ERJ175
2023,1,MQ,20398,STL,DFW,673,8.0,437.0,608.0,968.0,ERJ175
2023,1,MQ,20398,DCA,GRR,673,8.0,445.0,608.0,905.0,ERJ175
2023,1,MQ,20398,VPS,DCA,673,8.0,465.0,608.0,984.0,ERJ175
2023,1,MQ,20398,DFW,STL,673,8.0,503.0,608.0,854.0,ERJ175
2023,1,MQ,20398,MSN,DFW,673,8.0,503.0,608.0,1238.0,ERJ175
2023,1,MQ,20398,TPA,RDU,673,8.0,364.0,608.0,828.0,ERJ175
2023,1,MQ,20398,ATL,CLT,673,8.0,374.0,608.0,609.0,ERJ175
2023,1,MQ,20398,CLT,ATL,673,8.0,376.0,608.0,693.0,ERJ175
2023,1,MQ,20398,DFW,CID,673,8.0,446.0,608.0,951.0,ERJ175
2023,1,MQ,20398,FSD,ORD,673,8.0,476.0,608.0,815.0,ERJ175
2023,1,MQ,20398,CLT,BNA,673,8.0,506.0,608.0,796.0,ERJ175
2023,1,MQ,20398,CID,DFW,673,8.0,551.0,608.0,1110.0,ERJ175
2023,1,MQ,20398,BNA,CLT,673,8.0,564.0,608.0,665.0,ERJ175
2023,1,MQ,20398,ORD,ABE,675,9.0,286.0,450.0,985.0,ERJ145
2023,1,MQ,20398,ORD,FWA,675,9.0,303.0,450.0,569.0,ERJ145
2023,1,MQ,20398,DSM,ORD,675,9.0,314.0,450.0,762.0,ERJ145
2023,1,MQ,20398,ORD,BUF,675,9.0,316.0,450.0,882.0,ERJ145
2023,1,MQ,20398,ORD,GSP,675,9.0,318.0,450.0,1056.0,ERJ145
2023,1,MQ,20398,FWA,ORD,675,9.0,358.0,450.0,543.0,ERJ145
2023,1,MQ,20398,ORD,AVP,675,9.0,365.0,450.0,994.0,ERJ145
2023,1,MQ,20398,ORD,ORF,675,9.0,371.0,450.0,1155.0,ERJ145
2023,1,MQ,20398,ORF,ORD,675,9.0,378.0,450.0,1367.0,ERJ145
2023,1,MQ,20398,GSP,ORD,675,9.0,417.0,450.0,1099.0,ERJ145
2023,1,MQ,20398,BUF,ORD,675,9.0,421.0,450.0,1007.0,ERJ145
2023,1,MQ,20398,DAY,ORD,677,9.0,376.0,585.0,658.0,ERJ170
2023,1,MQ,20398,DFW,LCH,673,9.0,221.0,684.0,710.0,ERJ175
2023,1,MQ,20398,RDU,TPA,673,9.0,276.0,684.0,1069.0,ERJ175
2023,1,MQ,20398,DCA,HSV,673,9.0,315.0,684.0,1125.0,ERJ175
2023,1,MQ,20398,ORD,MKE,673,9.0,391.0,684.0,440.0,ERJ175
2023,1,MQ,20398,LCH,DFW,673,9.0,415.0,684.0,666.0,ERJ175
2023,1,MQ,20398,STS,DFW,673,9.0,425.0,684.0,1765.0,ERJ175
2023,1,MQ,20398,CLT,MEM,673,9.0,429.0,684.0,1078.0,ERJ175
2023,1,MQ,20398,DFW,DAB,673,9.0,472.0,684.0,1322.0,ERJ175
2023,1,MQ,20398,DFW,STS,673,9.0,475.0,684.0,2279.0,ERJ175
2023,1,MQ,20398,DAB,DFW,673,9.0,487.0,684.0,1627.0,ERJ175
2023,1,MQ,20398,STL,BOS,673,9.0,495.0,684.0,1341.0,ERJ175
2023,1,MQ,20398,ORD,MSP,673,9.0,501.0,684.0,900.0,ERJ175
2023,1,MQ,20398,ORD,EWR,673,9.0,528.0,684.0,1159.0,ERJ175
2023,1,MQ,20398,MEM,CLT,673,9.0,532.0,684.0,880.0,ERJ175
2023,1,MQ,20398,BOS,STL,673,9.0,536.0,684.0,1698.0,ERJ175
2023,1,MQ,20398,EYW,ORD,673,9.0,558.0,684.0,1826.0,ERJ175
2023,1,MQ,20398,ORD,EYW,673,9.0,614.0,684.0,1947.0,ERJ175
2023,1,MQ,20398,MSP,ORD,673,9.0,637.0,684.0,929.0,ERJ175
2023,1,MQ,20398,EWR,ORD,673,9.0,639.0,684.0,1368.0,ERJ175
2023,1,MQ,20398,ORD,FSD,673,9.0,460.0,683.0,1045.0,ERJ175
2023,1,MQ,20398,ABE,ORD,675,10.0,348.0,500.0,1412.0,ERJ145
2023,1,MQ,20398,LIT,ORD,675,10.0,352.0,500.0,1153.0,ERJ145
2023,1,MQ,20398,ORD,DSM,675,10.0,386.0,500.0,791.0,ERJ145
2023,1,MQ,20398,ORD,LIT,675,10.0,421.0,500.0,1169.0,ERJ145
2023,1,MQ,20398,AVP,ORD,675,10.0,433.0,500.0,1391.0,ERJ145
2023,1,MQ,20398,ORD,DAY,673,10.0,422.0,760.0,733.0,ERJ175
2023,1,MQ,20398,ORD,ICT,673,10.0,512.0,760.0,1169.0,ERJ175
2023,1,MQ,20398,SAV,CLT,673,10.0,537.0,760.0,785.0,ERJ175
2023,1,MQ,20398,MKE,ORD,673,10.0,611.0,760.0,606.0,ERJ175
2023,1,MQ,20398,CLT,SAV,673,10.0,630.0,760.0,636.0,ERJ175
2023,1,MQ,20398,ORD,RST,677,10.0,453.0,650.0,797.0,ERJ170
2023,1,MQ,20398,RST,ORD,677,10.0,546.0,650.0,844.0,ERJ170
2023,1,MQ,20398,SYR,ORD,677,11.0,577.0,715.0,1677.0,ERJ170
2023,1,MQ,20398,ORD,SYR,677,11.0,624.0,715.0,1356.0,ERJ170
2023,1,MQ,20398,ORD,ATW,673,11.0,537.0,836.0,666.0,ERJ175
2023,1,MQ,20398,TRI,DFW,673,11.0,553.0,836.0,1863.0,ERJ175
2023,1,MQ,20398,ATW,ORD,673,11.0,565.0,836.0,817.0,ERJ175
2023,1,MQ,20398,DFW,TRI,673,11.0,603.0,836.0,1351.0,ERJ175
2023,1,MQ,20398,ICT,ORD,673,11.0,630.0,836.0,1259.0,ERJ175
2023,1,MQ,20398,CVG,BOS,673,12.0,408.0,912.0,1456.0,ERJ175
2023,1,MQ,20398,BOS,CVG,673,12.0,408.0,912.0,1767.0,ERJ175
2023,1,MQ,20398,ORD,ORF,673,12.0,639.0,912.0,1456.0,ERJ175
2023,1,MQ,20398,ORD,PIT,673,13.0,507.0,988.0,1210.0,ERJ175
2023,1,MQ,20398,OKC,DFW,673,13.0,527.0,988.0,784.0,ERJ175
2023,1,MQ,20398,ORF,ORD,673,13.0,528.0,988.0,1907.0,ERJ175
2023,1,MQ,20398,PIT,ORD,673,13.0,780.0,988.0,1305.0,ERJ175
2023,1,MQ,20398,ORD,SYR,673,13.0,829.0,988.0,1511.0,ERJ175
2023,1,MQ,20398,DFW,OKC,673,13.0,935.0,988.0,712.0,ERJ175
2023,1,MQ,20398,ORD,CID,677,13.0,657.0,845.0,912.0,ERJ170
2023,1,MQ,20398,ORD,OMA,673,13.0,732.0,988.0,1284.0,ERJ175
2023,1,MQ,20398,ORD,SDF,673,14.0,746.0,1064.0,1173.0,ERJ175
2023,1,MQ,20398,SDF,ORD,673,14.0,819.0,1064.0,1256.0,ERJ175
2023,1,MQ,20398,SYR,ORD,673,14.0,994.0,1064.0,1862.0,ERJ175
2023,1,MQ,20398,CID,ORD,677,14.0,673.0,910.0,1227.0,ERJ170
2023,1,MQ,20398,MSN,ORD,677,14.0,782.0,910.0,943.0,ERJ170
2023,1,MQ,20398,OMA,ORD,673,14.0,950.0,1064.0,1364.0,ERJ175
2023,1,MQ,20398,ORD,GSP,677,15.0,533.0,975.0,1630.0,ERJ170
2023,1,MQ,20398,ORD,ALB,677,15.0,777.0,975.0,1811.0,ERJ170
2023,1,MQ,20398,DCA,CHS,673,15.0,639.0,1140.0,1647.0,ERJ175
2023,1,MQ,20398,CVG,DCA,673,15.0,710.0,1140.0,1273.0,ERJ175
2023,1,MQ,20398,DCA,CVG,673,15.0,757.0,1140.0,1598.0,ERJ175
2023,1,MQ,20398,CHS,DCA,673,15.0,794.0,1140.0,1315.0,ERJ175
2023,1,MQ,20398,ORD,BWI,673,15.0,828.0,1140.0,1698.0,ERJ175
2023,1,MQ,20398,BWI,ORD,673,15.0,833.0,1140.0,1957.0,ERJ175
2023,1,MQ,20398,COS,DFW,673,15.0,913.0,1140.0,1711.0,ERJ175
2023,1,MQ,20398,DFW,ELP,673,15.0,938.0,1140.0,1692.0,ERJ175
2023,1,MQ,20398,DFW,COS,673,15.0,1012.0,1140.0,1875.0,ERJ175
2023,1,MQ,20398,ELP,DFW,673,15.0,1064.0,1140.0,1426.0,ERJ175
2023,1,MQ,20398,BDL,DCA,673,14.0,830.0,1064.0,1220.0,ERJ175
2023,1,MQ,20398,ORD,MSN,677,15.0,648.0,975.0,979.0,ERJ170
2023,1,MQ,20398,GSP,ORD,677,15.0,739.0,975.0,1813.0,ERJ170
2023,1,MQ,20398,DCA,BDL,673,15.0,786.0,1140.0,1358.0,ERJ175
2023,1,MQ,20398,DFW,CMI,673,15.0,938.0,1140.0,1711.0,ERJ175
2023,1,MQ,20398,ALB,ORD,677,16.0,937.0,1040.0,2354.0,ERJ170
2023,1,MQ,20398,ORD,DSM,673,16.0,795.0,1216.0,1348.0,ERJ175
2023,1,MQ,20398,ORD,BUF,673,16.0,808.0,1216.0,1491.0,ERJ175
2023,1,MQ,20398,ORD,LIT,673,17.0,668.0,1291.0,2019.0,ERJ175
2023,1,MQ,20398,ORD,GRB,673,17.0,820.0,1292.0,1217.0,ERJ175
2023,1,MQ,20398,DSM,ORD,673,17.0,1047.0,1292.0,1785.0,ERJ175
2023,1,MQ,20398,BUF,ORD,673,17.0,1097.0,1292.0,1943.0,ERJ175
2023,1,MQ,20398,CMI,DFW,673,16.0,861.0,1216.0,2220.0,ERJ175
2023,1,MQ,20398,ORD,RDU,677,17.0,698.0,1104.0,2062.0,ERJ170
2023,1,MQ,20398,RDU,ORD,677,17.0,660.0,1105.0,2360.0,ERJ170
2023,1,MQ,20398,MEM,AUS,673,17.0,295.0,1292.0,2150.0,ERJ175
2023,1,MQ,20398,XNA,ORD,673,17.0,686.0,1292.0,1889.0,ERJ175
2023,1,MQ,20398,ORD,LSE,675,18.0,603.0,900.0,1307.0,ERJ145
2023,1,MQ,20398,ORD,COU,675,18.0,659.0,900.0,1511.0,ERJ145
2023,1,MQ,20398,ORF,ORD,677,18.0,893.0,1170.0,2667.0,ERJ170
2023,1,MQ,20398,LIT,ORD,673,18.0,640.0,1368.0,1989.0,ERJ175
2023,1,MQ,20398,DFW,MLI,673,18.0,1035.0,1368.0,2055.0,ERJ175
2023,1,MQ,20398,ORD,TUL,673,18.0,1065.0,1368.0,2257.0,ERJ175
2023,1,MQ,20398,MLI,DFW,673,18.0,1096.0,1368.0,2706.0,ERJ175
2023,1,MQ,20398,TUL,ORD,673,18.0,1135.0,1368.0,1985.0,ERJ175
2023,1,MQ,20398,GRB,ORD,673,18.0,1150.0,1368.0,1488.0,ERJ175
2023,1,MQ,20398,AUS,MEM,673,17.0,536.0,1292.0,1601.0,ERJ175
2023,1,MQ,20398,ORD,XNA,673,17.0,763.0,1292.0,1982.0,ERJ175
2023,1,MQ,20398,GSO,DCA,673,18.0,614.0,1368.0,1272.0,ERJ175
2023,1,MQ,20398,DCA,GSO,673,18.0,913.0,1368.0,1489.0,ERJ175
2023,1,MQ,20398,COU,ORD,675,19.0,813.0,950.0,1531.0,ERJ145
2023,1,MQ,20398,MCI,ORD,675,19.0,819.0,950.0,1792.0,ERJ145
2023,1,MQ,20398,LSE,ORD,675,19.0,856.0,950.0,1524.0,ERJ145
2023,1,MQ,20398,RIC,ORD,677,19.0,628.0,1235.0,2405.0,ERJ170
2023,1,MQ,20398,ORD,RIC,677,19.0,839.0,1235.0,2347.0,ERJ170
2023,1,MQ,20398,ORD,ORF,677,19.0,850.0,1235.0,2472.0,ERJ170
2023,1,MQ,20398,BHM,DCA,673,19.0,742.0,1444.0,2189.0,ERJ175
2023,1,MQ,20398,DCA,BHM,673,19.0,869.0,1444.0,2537.0,ERJ175
2023,1,MQ,20398,MSY,ORD,673,19.0,1051.0,1444.0,2872.0,ERJ175
2023,1,MQ,20398,ORD,MSY,673,19.0,1074.0,1444.0,2811.0,ERJ175
2023,1,MQ,20398,BHM,CLT,673,19.0,1156.0,1444.0,1722.0,ERJ175
2023,1,MQ,20398,CLT,BHM,673,19.0,1160.0,1444.0,1746.0,ERJ175
2023,1,MQ,20398,ORD,MCI,673,19.0,1173.0,1444.0,1869.0,ERJ175
2023,1,MQ,20398,MCI,ORD,673,19.0,1295.0,1444.0,1789.0,ERJ175
2023,1,MQ,20398,ORD,MCI,675,20.0,789.0,1000.0,1982.0,ERJ145
2023,1,MQ,20398,ORD,CMH,677,20.0,714.0,1300.0,1756.0,ERJ170
2023,1,MQ,20398,PHX,SAF,673,20.0,1058.0,1520.0,1526.0,ERJ175
2023,1,MQ,20398,HPN,ORD,677,19.0,513.0,1235.0,3045.0,ERJ170
2023,1,MQ,20398,ORD,HPN,677,19.0,740.0,1235.0,2500.0,ERJ170
2023,1,MQ,20398,DFW,BHM,673,20.0,1010.0,1520.0,2122.0,ERJ175
2023,1,MQ,20398,PNS,DFW,673,20.0,1214.0,1520.0,2591.0,ERJ175
2023,1,MQ,20398,DFW,PNS,673,20.0,1452.0,1520.0,2048.0,ERJ175
2023,1,MQ,20398,ORD,OMA,675,21.0,827.0,1050.0,2145.0,ERJ145
2023,1,MQ,20398,OMA,ORD,675,21.0,977.0,1050.0,2172.0,ERJ145
2023,1,MQ,20398,CMH,ORD,677,21.0,1133.0,1365.0,1781.0,ERJ170
2023,1,MQ,20398,TLH,DCA,673,21.0,658.0,1596.0,2554.0,ERJ175
2023,1,MQ,20398,SAF,PHX,673,21.0,719.0,1596.0,1988.0,ERJ175
2023,1,MQ,20398,AGS,CLT,673,21.0,822.0,1596.0,1504.0,ERJ175
2023,1,MQ,20398,CLT,AGS,673,21.0,1042.0,1596.0,1696.0,ERJ175
2023,1,MQ,20398,MAF,PHX,673,21.0,1044.0,1596.0,2769.0,ERJ175
2023,1,MQ,20398,DFW,MSO,673,21.0,1084.0,1596.0,4610.0,ERJ175
2023,1,MQ,20398,HPN,MIA,673,21.0,1148.0,1596.0,3794.0,ERJ175
2023,1,MQ,20398,PIA,DFW,673,21.0,1327.0,1596.0,3295.0,ERJ175
2023,1,MQ,20398,CLT,GSP,673,20.0,1171.0,1520.0,1156.0,ERJ175
2023,1,MQ,20398,GSP,CLT,673,20.0,1290.0,1520.0,1155.0,ERJ175
2023,1,MQ,20398,CMH,BOS,673,21.0,769.0,1596.0,2440.0,ERJ175
2023,1,MQ,20398,BOS,CMH,673,21.0,852.0,1596.0,2873.0,ERJ175
2023,1,MQ,20398,DCA,SYR,673,21.0,942.0,1596.0,1586.0,ERJ175
2023,1,MQ,20398,STS,PHX,673,21.0,1062.0,1596.0,2568.0,ERJ175
2023,1,MQ,20398,DFW,BIL,673,21.0,1263.0,1596.0,3673.0,ERJ175
2023,1,MQ,20398,PHX,STS,673,21.0,1279.0,1596.0,2809.0,ERJ175
2023,1,MQ,20398,BIL,DFW,673,21.0,1296.0,1596.0,3380.0,ERJ175
2023,1,MQ,20398,SYR,DCA,673,21.0,1375.0,1596.0,2011.0,ERJ175
2023,1,MQ,20398,BHM,DFW,673,21.0,1381.0,1596.0,2698.0,ERJ175
2023,1,MQ,20398,DCA,TLH,673,22.0,682.0,1672.0,3044.0,ERJ175
2023,1,MQ,20398,PHX,MAF,673,22.0,967.0,1672.0,2200.0,ERJ175
2023,1,MQ,20398,MIA,HPN,673,22.0,1091.0,1672.0,4196.0,ERJ175
2023,1,MQ,20398,TPA,MIA,673,22.0,1105.0,1672.0,1266.0,ERJ175
2023,1,MQ,20398,ORD,BZN,673,22.0,1174.0,1672.0,4674.0,ERJ175
2023,1,MQ,20398,FAR,PHX,673,22.0,1230.0,1672.0,4379.0,ERJ175
2023,1,MQ,20398,PHX,FAR,673,22.0,1243.0,1672.0,4141.0,ERJ175
2023,1,MQ,20398,DFW,PIA,673,22.0,1246.0,1672.0,2510.0,ERJ175
2023,1,MQ,20398,MSO,DFW,673,22.0,1360.0,1672.0,4306.0,ERJ175
2023,1,MQ,20398,MIA,TPA,673,22.0,1365.0,1672.0,1314.0,ERJ175
2023,1,MQ,20398,PHX,TUL,673,22.0,1410.0,1672.0,2927.0,ERJ175
2023,1,MQ,20398,BZN,ORD,673,22.0,1529.0,1672.0,4014.0,ERJ175
2023,1,MQ,20398,TUL,PHX,673,23.0,1394.0,1748.0,3918.0,ERJ175
2023,1,MQ,20398,LEX,ORD,673,23.0,796.0,1748.0,2297.0,ERJ175
2023,1,MQ,20398,ORD,MKE,675,23.0,949.0,1150.0,1221.0,ERJ145
2023,1,MQ,20398,MKE,ORD,675,23.0,971.0,1150.0,1437.0,ERJ145
2023,1,MQ,20398,ORD,LEX,673,24.0,967.0,1824.0,2133.0,ERJ175
2023,1,MQ,20398,CVG,ORD,673,25.0,1326.0,1900.0,2240.0,ERJ175
2023,1,MQ,20398,MSY,MIA,673,25.0,1778.0,1900.0,2745.0,ERJ175
2023,1,MQ,20398,MIA,MSY,673,25.0,1862.0,1900.0,3335.0,ERJ175
2023,1,MQ,20398,AUS,MCI,673,25.0,1066.0,1900.0,2681.0,ERJ175
2023,1,MQ,20398,MCI,AUS,673,25.0,1276.0,1900.0,2931.0,ERJ175
2023,1,MQ,20398,ORD,MCI,677,26.0,1430.0,1690.0,2564.0,ERJ170
2023,1,MQ,20398,MCI,ORD,677,26.0,1486.0,1690.0,2384.0,ERJ170
2023,1,MQ,20398,ORD,CVG,673,26.0,1450.0,1975.0,2060.0,ERJ175
2023,1,MQ,20398,BDL,ORD,673,26.0,1446.0,1976.0,4223.0,ERJ175
2023,1,MQ,20398,ORD,BDL,673,26.0,1582.0,1976.0,3362.0,ERJ175
2023,1,MQ,20398,TUL,AUS,673,25.0,829.0,1900.0,2286.0,ERJ175
2023,1,MQ,20398,STL,AUS,673,26.0,1024.0,1976.0,3667.0,ERJ175
2023,1,MQ,20398,AUS,STL,673,26.0,1276.0,1976.0,3033.0,ERJ175
2023,1,MQ,20398,AUS,TUL,673,25.0,676.0,1900.0,2068.0,ERJ175
2023,1,MQ,20398,PVD,ORD,673,27.0,992.0,2052.0,4548.0,ERJ175
2023,1,MQ,20398,ABQ,AUS,673,27.0,1074.0,2052.0,2667.0,ERJ175
2023,1,MQ,20398,AUS,ABQ,673,27.0,1214.0,2052.0,3118.0,ERJ175
2023,1,MQ,20398,DFW,GRR,673,28.0,1730.0,2128.0,4222.0,ERJ175
2023,1,MQ,20398,DSM,ORD,677,28.0,1547.0,1820.0,2715.0,ERJ170
2023,1,MQ,20398,ORD,PVD,673,28.0,1124.0,2128.0,4071.0,ERJ175
2023,1,MQ,20398,RDU,ORD,673,28.0,1593.0,2128.0,3837.0,ERJ175
2023,1,MQ,20398,ORD,SDF,675,29.0,916.0,1450.0,2560.0,ERJ145
2023,1,MQ,20398,ORD,BHM,675,29.0,975.0,1450.0,3311.0,ERJ145
2023,1,MQ,20398,BHM,ORD,675,29.0,1041.0,1450.0,3579.0,ERJ145
2023,1,MQ,20398,ORD,RDU,673,29.0,1323.0,2204.0,3735.0,ERJ175
2023,1,MQ,20398,ATL,MIA,673,29.0,1795.0,2204.0,3198.0,ERJ175
2023,1,MQ,20398,GRR,DFW,673,29.0,1918.0,2204.0,4999.0,ERJ175
2023,1,MQ,20398,MIA,ATL,673,29.0,1947.0,2204.0,3441.0,ERJ175
2023,1,MQ,20398,MIA,IND,673,29.0,2104.0,2204.0,5018.0,ERJ175
2023,1,MQ,20398,HOU,DFW,673,28.0,1614.0,2128.0,2045.0,ERJ175
2023,1,MQ,20398,DFW,HOU,673,28.0,1655.0,2128.0,2112.0,ERJ175
2023,1,MQ,20398,SDF,ORD,675,29.0,1144.0,1450.0,2644.0,ERJ145
2023,1,MQ,20398,GNV,MIA,673,29.0,910.0,2204.0,2039.0,ERJ175
2023,1,MQ,20398,DFW,GNV,673,29.0,1741.0,2204.0,4009.0,ERJ175
2023,1,MQ,20398,ORD,DSM,677,30.0,1457.0,1950.0,2643.0,ERJ170
2023,1,MQ,20398,LIT,DCA,673,30.0,1135.0,2280.0,4063.0,ERJ175
2023,1,MQ,20398,DCA,CMH,673,30.0,1137.0,2280.0,2447.0,ERJ175
2023,1,MQ,20398,PHX,GJT,673,30.0,1157.0,2280.0,2705.0,ERJ175
2023,1,MQ,20398,BFL,PHX,673,30.0,1270.0,2280.0,2769.0,ERJ175
2023,1,MQ,20398,DCA,LIT,673,30.0,1428.0,2280.0,5138.0,ERJ175
2023,1,MQ,20398,IND,MIA,673,30.0,1795.0,2280.0,4946.0,ERJ175
2023,1,MQ,20398,ATW,CLT,673,30.0,2000.0,2280.0,4512.0,ERJ175
2023,1,MQ,20398,AVL,DFW,673,29.0,1871.0,2203.0,4827.0,ERJ175
2023,1,MQ,20398,XNA,DCA,673,29.0,993.0,2204.0,4237.0,ERJ175
2023,1,MQ,20398,DCA,XNA,673,29.0,1120.0,2204.0,5370.0,ERJ175
2023,1,MQ,20398,MIA,XNA,673,29.0,1527.0,2204.0,5675.0,ERJ175
2023,1,MQ,20398,AUS,IND,673,29.0,1547.0,2204.0,4015.0,ERJ175
2023,1,MQ,20398,IND,AUS,673,29.0,1671.0,2204.0,4993.0,ERJ175
2023,1,MQ,20398,XNA,MIA,673,29.0,1676.0,2204.0,4664.0,ERJ175
2023,1,MQ,20398,DFW,AVL,673,30.0,1921.0,2279.0,3983.0,ERJ175
2023,1,MQ,20398,AGS,DFW,673,30.0,1271.0,2280.0,5280.0,ERJ175
2023,1,MQ,20398,PHX,LBB,673,30.0,1422.0,2280.0,3061.0,ERJ175
2023,1,MQ,20398,MIA,GNV,673,30.0,1510.0,2280.0,2063.0,ERJ175
2023,1,MQ,20398,PSP,AUS,673,30.0,1542.0,2280.0,4673.0,ERJ175
2023,1,MQ,20398,FAY,DFW,673,30.0,1545.0,2280.0,6036.0,ERJ175
2023,1,MQ,20398,DFW,AGS,673,30.0,1747.0,2280.0,3912.0,ERJ175
2023,1,MQ,20398,GNV,DFW,673,30.0,1778.0,2280.0,5090.0,ERJ175
2023,1,MQ,20398,DFW,FAY,673,30.0,1881.0,2280.0,4357.0,ERJ175
2023,1,MQ,20398,GSP,MIA,673,31.0,1968.0,2355.0,3436.0,ERJ175
2023,1,MQ,20398,CMH,DCA,673,31.0,1088.0,2356.0,2492.0,ERJ175
2023,1,MQ,20398,AUS,PSP,673,31.0,1235.0,2356.0,5898.0,ERJ175
2023,1,MQ,20398,CVG,AUS,673,31.0,1563.0,2356.0,5587.0,ERJ175
2023,1,MQ,20398,GJT,PHX,673,31.0,1591.0,2356.0,3049.0,ERJ175
2023,1,MQ,20398,LBB,PHX,673,31.0,1678.0,2356.0,4154.0,ERJ175
2023,1,MQ,20398,PHX,BFL,673,31.0,1695.0,2356.0,2990.0,ERJ175
2023,1,MQ,20398,AUS,CVG,673,31.0,1718.0,2356.0,4492.0,ERJ175
2023,1,MQ,20398,CLT,ATW,673,31.0,1724.0,2356.0,4332.0,ERJ175
2023,1,MQ,20398,BHM,MIA,673,31.0,1798.0,2356.0,3588.0,ERJ175
2023,1,MQ,20398,IAH,ORD,673,31.0,1846.0,2356.0,4722.0,ERJ175
2023,1,MQ,20398,MIA,GSP,673,31.0,1874.0,2356.0,3689.0,ERJ175
2023,1,MQ,20398,MIA,BHM,673,31.0,1882.0,2356.0,3823.0,ERJ175
2023,1,MQ,20398,MIA,GSO,673,31.0,1926.0,2356.0,4097.0,ERJ175
2023,1,MQ,20398,GSO,MIA,673,31.0,2075.0,2356.0,4029.0,ERJ175
2023,1,MQ,20398,MIA,TYS,673,31.0,1969.0,2355.0,4073.0,ERJ175
2023,1,MQ,20398,RDU,MIA,673,31.0,2074.0,2356.0,3873.0,ERJ175
2023,1,MQ,20398,MEM,ORD,675,32.0,1081.0,1600.0,3716.0,ERJ145
2023,1,MQ,20398,ORD,MEM,675,32.0,1145.0,1600.0,3672.0,ERJ145
2023,1,MQ,20398,MIA,RDU,673,32.0,2285.0,2431.0,4049.0,ERJ175
2023,1,MQ,20398,ORD,IAH,673,32.0,1892.0,2432.0,5588.0,ERJ175
2023,1,MQ,20398,TYS,MIA,673,32.0,2145.0,2432.0,4169.0,ERJ175
2023,1,MQ,20398,BNA,MIA,673,32.0,2269.0,2432.0,4081.0,ERJ175
2023,1,MQ,20398,DFW,BIS,673,33.0,1951.0,2508.0,5185.0,ERJ175
2023,1,MQ,20398,MIA,BNA,673,33.0,2378.0,2508.0,5046.0,ERJ175
2023,1,MQ,20398,LEX,ORD,677,33.0,1051.0,2145.0,3001.0,ERJ170
2023,1,MQ,20398,ORD,MSN,673,34.0,1755.0,2583.0,2045.0,ERJ175
2023,1,MQ,20398,BIS,DFW,673,34.0,2006.0,2584.0,5483.0,ERJ175
2023,1,MQ,20398,MSN,ORD,673,34.0,2173.0,2584.0,2427.0,ERJ175
2023,1,MQ,20398,ORD,LEX,677,34.0,1098.0,2210.0,2991.0,ERJ170
2023,1,MQ,20398,GRB,ORD,675,35.0,1543.0,1750.0,2977.0,ERJ145
2023,1,MQ,20398,BWI,ORD,677,35.0,1464.0,2275.0,4521.0,ERJ170
2023,1,MQ,20398,DFW,SDF,673,33.0,2080.0,2508.0,4194.0,ERJ175
2023,1,MQ,20398,ORD,GRR,675,35.0,1409.0,1750.0,2091.0,ERJ145
2023,1,MQ,20398,GRR,ORD,675,35.0,1511.0,1750.0,2319.0,ERJ145
2023,1,MQ,20398,ORD,GRB,675,36.0,1475.0,1800.0,2394.0,ERJ145
2023,1,MQ,20398,ORD,BWI,677,36.0,1642.0,2340.0,4331.0,ERJ170
2023,1,MQ,20398,SDF,DFW,673,34.0,2158.0,2584.0,5060.0,ERJ175
2023,1,MQ,20398,ORD,ATW,677,37.0,1720.0,2405.0,2590.0,ERJ170
2023,1,MQ,20398,ATW,ORD,677,37.0,1919.0,2405.0,2925.0,ERJ170
2023,1,MQ,20398,ORD,ATL,673,37.0,2227.0,2812.0,4706.0,ERJ175
2023,1,MQ,20398,ATL,ORD,673,37.0,2357.0,2812.0,4786.0,ERJ175
2023,1,MQ,20398,ORD,MQT,675,33.0,926.0,1650.0,2564.0,ERJ145
2023,1,MQ,20398,DFW,SJT,673,36.0,1799.0,2736.0,2409.0,ERJ175
2023,1,MQ,20398,ORD,MSN,675,37.0,1387.0,1850.0,2248.0,ERJ145
2023,1,MQ,20398,MSN,ORD,675,37.0,1618.0,1850.0,2208.0,ERJ145
2023,1,MQ,20398,MQT,ORD,675,34.0,1394.0,1700.0,3101.0,ERJ145
2023,1,MQ,20398,SJT,DFW,673,37.0,1311.0,2812.0,2268.0,ERJ175
2023,1,MQ,20398,DFW,AUS,673,37.0,1950.0,2812.0,2406.0,ERJ175
2023,1,MQ,20398,DFW,ECP,673,37.0,2307.0,2812.0,4079.0,ERJ175
2023,1,MQ,20398,ORD,CVG,675,38.0,1507.0,1900.0,3154.0,ERJ145
2023,1,MQ,20398,CVG,ORD,675,38.0,1600.0,1900.0,3297.0,ERJ145
2023,1,MQ,20398,EVV,DFW,673,38.0,1401.0,2888.0,5270.0,ERJ175
2023,1,MQ,20398,DFW,EVV,673,38.0,1622.0,2888.0,4163.0,ERJ175
2023,1,MQ,20398,ICT,DFW,673,38.0,2247.0,2888.0,3198.0,ERJ175
2023,1,MQ,20398,BNA,DCA,673,39.0,1783.0,2964.0,3836.0,ERJ175
2023,1,MQ,20398,ORD,BOS,673,39.0,2289.0,2964.0,5556.0,ERJ175
2023,1,MQ,20398,ORD,ALO,675,37.0,500.0,1850.0,2831.0,ERJ145
2023,1,MQ,20398,ALO,ORD,675,37.0,717.0,1850.0,2620.0,ERJ145
2023,1,MQ,20398,OKC,AUS,673,37.0,932.0,2811.0,3215.0,ERJ175
2023,1,MQ,20398,AUS,DFW,673,38.0,1445.0,2887.0,2256.0,ERJ175
2023,1,MQ,20398,ECP,DFW,673,38.0,2344.0,2888.0,5520.0,ERJ175
2023,1,MQ,20398,ORD,TYS,675,39.0,1447.0,1950.0,4064.0,ERJ145
2023,1,MQ,20398,HPN,ORD,673,39.0,1493.0,2964.0,6191.0,ERJ175
2023,1,MQ,20398,AUS,RNO,673,39.0,1494.0,2964.0,8757.0,ERJ175
2023,1,MQ,20398,RNO,AUS,673,39.0,1632.0,2964.0,7411.0,ERJ175
2023,1,MQ,20398,ORD,ROC,673,40.0,2119.0,3040.0,4235.0,ERJ175
2023,1,MQ,20398,ROC,ORD,673,40.0,2280.0,3040.0,4990.0,ERJ175
2023,1,MQ,20398,DFW,ICT,673,40.0,2344.0,3040.0,3320.0,ERJ175
2023,1,MQ,20398,BOS,ORD,673,40.0,2617.0,3040.0,7288.0,ERJ175
2023,1,MQ,20398,AUS,OKC,673,38.0,1502.0,2887.0,2889.0,ERJ175
2023,1,MQ,20398,LIT,ORD,677,39.0,1528.0,2535.0,4304.0,ERJ170
2023,1,MQ,20398,TYS,ORD,675,40.0,1690.0,2000.0,4375.0,ERJ145
2023,1,MQ,20398,ORD,HPN,673,40.0,1493.0,3040.0,5317.0,ERJ175
2023,1,MQ,20398,MEM,ORD,673,41.0,1633.0,3115.0,4709.0,ERJ175
2023,1,MQ,20398,ORD,MEM,673,41.0,1643.0,3115.0,4642.0,ERJ175
2023,1,MQ,20398,DCA,BNA,673,41.0,1570.0,3116.0,5114.0,ERJ175
2023,1,MQ,20398,FSM,DFW,673,39.0,1747.0,2964.0,3034.0,ERJ175
2023,1,MQ,20398,DFW,BRO,673,40.0,1743.0,3040.0,3990.0,ERJ175
2023,1,MQ,20398,BRO,DFW,673,40.0,2775.0,3040.0,3798.0,ERJ175
2023,1,MQ,20398,ORD,LIT,677,41.0,1549.0,2665.0,5152.0,ERJ170
2023,1,MQ,20398,DFW,FSM,673,39.0,2327.0,2964.0,2396.0,ERJ175
2023,1,MQ,20398,DFW,GPT,673,40.0,2305.0,3040.0,3609.0,ERJ175
2023,1,MQ,20398,GPT,DFW,673,41.0,2345.0,3116.0,4783.0,ERJ175
2023,1,MQ,20398,FAR,DFW,673,41.0,2629.0,3116.0,7078.0,ERJ175
2023,1,MQ,20398,CMI,DFW,675,41.0,1789.0,2050.0,5931.0,ERJ145
2023,1,MQ,20398,DFW,CMI,675,41.0,1935.0,2050.0,4821.0,ERJ145
2023,1,MQ,20398,GRK,DFW,673,41.0,2096.0,3116.0,2190.0,ERJ175
2023,1,MQ,20398,DFW,FAR,673,42.0,2668.0,3192.0,6788.0,ERJ175
2023,1,MQ,20398,TUS,PHX,673,43.0,2424.0,3268.0,2371.0,ERJ175
2023,1,MQ,20398,GRR,ORD,673,43.0,2760.0,3268.0,3058.0,ERJ175
2023,1,MQ,20398,PHX,TUS,673,43.0,2762.0,3268.0,2048.0,ERJ175
2023,1,MQ,20398,DFW,GRK,673,41.0,1213.0,3116.0,2194.0,ERJ175
2023,1,MQ,20398,DFW,HSV,673,43.0,1972.0,3268.0,4530.0,ERJ175
2023,1,MQ,20398,HSV,DFW,673,43.0,2232.0,3268.0,5570.0,ERJ175
2023,1,MQ,20398,ORD,GRR,673,44.0,2377.0,3344.0,3007.0,ERJ175
2023,1,MQ,20398,DFW,FSD,673,44.0,2790.0,3344.0,5831.0,ERJ175
2023,1,MQ,20398,FSD,DFW,673,44.0,2957.0,3344.0,6186.0,ERJ175
2023,1,MQ,20398,ORD,MSP,675,44.0,1947.0,2200.0,4001.0,ERJ145
2023,1,MQ,20398,SAV,MIA,673,45.0,2597.0,3420.0,3940.0,ERJ175
2023,1,MQ,20398,MSP,ORD,675,44.0,1986.0,2200.0,4581.0,ERJ145
2023,1,MQ,20398,MIA,SAV,673,46.0,2492.0,3496.0,4266.0,ERJ175
2023,1,MQ,20398,LAN,ORD,675,47.0,1655.0,2350.0,3717.0,ERJ145
2023,1,MQ,20398,ORD,BMI,675,47.0,1452.0,2350.0,2608.0,ERJ145
2023,1,MQ,20398,ORD,DTW,675,47.0,1615.0,2350.0,4194.0,ERJ145
2023,1,MQ,20398,DTW,ORD,675,47.0,1817.0,2350.0,3986.0,ERJ145
2023,1,MQ,20398,DFW,DAY,673,47.0,3007.0,3572.0,6211.0,ERJ175
2023,1,MQ,20398,BMI,ORD,675,48.0,1692.0,2400.0,3037.0,ERJ145
2023,1,MQ,20398,ORD,LAN,675,48.0,1773.0,2400.0,3096.0,ERJ145
2023,1,MQ,20398,ORD,AZO,675,48.0,2064.0,2400.0,2451.0,ERJ145
2023,1,MQ,20398,DAY,DFW,673,48.0,2624.0,3648.0,8394.0,ERJ175
2023,1,MQ,20398,IND,ORD,673,47.0,2344.0,3572.0,3498.0,ERJ175
2023,1,MQ,20398,ORD,IND,673,47.0,2689.0,3572.0,3434.0,ERJ175
2023,1,MQ,20398,ORD,PIA,675,49.0,1372.0,2450.0,3078.0,ERJ145
2023,1,MQ,20398,PIA,ORD,675,49.0,1678.0,2450.0,3275.0,ERJ145
2023,1,MQ,20398,MLI,ORD,675,49.0,1887.0,2450.0,3632.0,ERJ145
2023,1,MQ,20398,SBP,PHX,673,49.0,2311.0,3724.0,5066.0,ERJ175
2023,1,MQ,20398,PHX,SBP,673,49.0,2589.0,3724.0,5065.0,ERJ175
2023,1,MQ,20398,ORD,MLI,675,50.0,1639.0,2500.0,2945.0,ERJ145
2023,1,MQ,20398,AZO,ORD,675,50.0,2213.0,2500.0,3670.0,ERJ145
2023,1,MQ,20398,ORD,XNA,677,50.0,1887.0,3250.0,6049.0,ERJ170
2023,1,MQ,20398,MRY,PHX,673,50.0,2946.0,3800.0,5332.0,ERJ175
2023,1,MQ,20398,DAY,ORD,675,48.0,1844.0,2400.0,3870.0,ERJ145
2023,1,MQ,20398,RST,ORD,675,49.0,2031.0,2450.0,4258.0,ERJ145
2023,1,MQ,20398,XNA,ORD,677,50.0,2353.0,3250.0,5536.0,ERJ170
2023,1,MQ,20398,DCA,ATL,673,50.0,1963.0,3800.0,5968.0,ERJ175
2023,1,MQ,20398,IAH,MIA,673,50.0,3478.0,3800.0,7164.0,ERJ175
2023,1,MQ,20398,MIA,IAH,673,50.0,3584.0,3800.0,8839.0,ERJ175
2023,1,MQ,20398,PHX,MRY,673,51.0,2748.0,3876.0,6203.0,ERJ175
2023,1,MQ,20398,ORD,DAY,675,49.0,1651.0,2450.0,3934.0,ERJ145
2023,1,MQ,20398,ORD,RST,675,50.0,1709.0,2500.0,4010.0,ERJ145
2023,1,MQ,20398,ICT,ORD,675,52.0,1917.0,2600.0,6222.0,ERJ145
2023,1,MQ,20398,ATL,DCA,673,52.0,2171.0,3952.0,5221.0,ERJ175
2023,1,MQ,20398,TLH,DFW,673,51.0,2975.0,3876.0,7890.0,ERJ175
2023,1,MQ,20398,DRO,DFW,673,52.0,2609.0,3952.0,6385.0,ERJ175
2023,1,MQ,20398,TVC,ORD,675,51.0,2031.0,2550.0,4378.0,ERJ145
2023,1,MQ,20398,DFW,TLH,673,52.0,3204.0,3952.0,6361.0,ERJ175
2023,1,MQ,20398,DFW,DRO,673,53.0,2659.0,4028.0,6979.0,ERJ175
2023,1,MQ,20398,ORD,ICT,675,54.0,1967.0,2700.0,7039.0,ERJ145
2023,1,MQ,20398,ORD,TVC,675,53.0,1666.0,2650.0,3766.0,ERJ145
2023,1,MQ,20398,BNA,ORD,673,54.0,3280.0,4103.0,5752.0,ERJ175
2023,1,MQ,20398,ORD,BNA,673,55.0,3118.0,4179.0,5958.0,ERJ175
2023,1,MQ,20398,CMI,ORD,675,55.0,2116.0,2750.0,3423.0,ERJ145
2023,1,MQ,20398,ORD,CMI,675,55.0,2190.0,2750.0,3346.0,ERJ145
2023,1,MQ,20398,OKC,ORD,673,55.0,2276.0,4180.0,6841.0,ERJ175
2023,1,MQ,20398,RDU,AUS,673,55.0,2934.0,4179.0,11723.0,ERJ175
2023,1,MQ,20398,AUS,RDU,673,55.0,3182.0,4180.0,8859.0,ERJ175
2023,1,MQ,20398,BNA,TPA,673,55.0,3249.0,4180.0,5768.0,ERJ175
2023,1,MQ,20398,TPA,BNA,673,55.0,3491.0,4180.0,6555.0,ERJ175
2023,1,MQ,20398,CWA,ORD,675,57.0,2586.0,2850.0,5244.0,ERJ145
2023,1,MQ,20398,AUS,ORD,673,57.0,3617.0,4331.0,8824.0,ERJ175
2023,1,MQ,20398,MIA,CHS,673,57.0,3989.0,4332.0,5712.0,ERJ175
2023,1,MQ,20398,ORD,CWA,675,58.0,2048.0,2900.0,4200.0,ERJ145
2023,1,MQ,20398,ORD,FNT,675,58.0,2183.0,2900.0,4064.0,ERJ145
2023,1,MQ,20398,FNT,ORD,675,58.0,2485.0,2900.0,4964.0,ERJ145
2023,1,MQ,20398,ORD,MHK,675,56.0,2089.0,2800.0,6142.0,ERJ145
2023,1,MQ,20398,ORD,OKC,673,57.0,2413.0,4331.0,8270.0,ERJ175
2023,1,MQ,20398,MIA,AUS,673,57.0,3834.0,4331.0,11316.0,ERJ175
2023,1,MQ,20398,ORD,AUS,673,57.0,3067.0,4332.0,10565.0,ERJ175
2023,1,MQ,20398,AUS,MIA,673,57.0,4040.0,4332.0,8875.0,ERJ175
2023,1,MQ,20398,CHS,MIA,673,58.0,3715.0,4408.0,5590.0,ERJ175
2023,1,MQ,20398,MHK,ORD,675,57.0,1755.0,2850.0,6067.0,ERJ145
2023,1,MQ,20398,MOB,DFW,673,58.0,2959.0,4408.0,6881.0,ERJ175
2023,1,MQ,20398,DFW,MOB,673,58.0,3268.0,4408.0,5828.0,ERJ175
2023,1,MQ,20398,DFW,MRY,673,59.0,3132.0,4484.0,14148.0,ERJ175
2023,1,MQ,20398,GSO,ORD,675,59.0,1822.0,2950.0,7694.0,ERJ145
2023,1,MQ,20398,ORD,GSO,675,60.0,1868.0,3000.0,7031.0,ERJ145
2023,1,MQ,20398,MRY,DFW,673,60.0,3216.0,4560.0,11862.0,ERJ175
2023,1,MQ,20398,MGM,DFW,673,58.0,3379.0,4408.0,7890.0,ERJ175
2023,1,MQ,20398,DFW,MGM,673,58.0,3421.0,4408.0,6133.0,ERJ175
2023,1,MQ,20398,CLT,XNA,673,59.0,3267.0,4484.0,9175.0,ERJ175
2023,1,MQ,20398,XNA,CLT,673,59.0,3484.0,4484.0,7614.0,ERJ175
2023,1,MQ,20398,DFW,RAP,673,61.0,3669.0,4636.0,8607.0,ERJ175
2023,1,MQ,20398,RAP,DFW,673,61.0,3979.0,4636.0,8923.0,ERJ175
2023,1,MQ,20398,SHV,DFW,673,60.0,3543.0,4560.0,4277.0,ERJ175
2023,1,MQ,20398,MIA,CVG,673,61.0,4093.0,4636.0,10044.0,ERJ175
2023,1,MQ,20398,FSD,ORD,675,62.0,2204.0,3100.0,6974.0,ERJ145
2023,1,MQ,20398,ORD,FSD,675,62.0,2336.0,3100.0,7154.0,ERJ145
2023,1,MQ,20398,MIA,CMH,673,62.0,4261.0,4712.0,10144.0,ERJ175
2023,1,MQ,20398,CMH,MIA,673,63.0,3904.0,4787.0,9939.0,ERJ175
2023,1,MQ,20398,DFW,MHK,673,63.0,3726.0,4788.0,5448.0,ERJ175
2023,1,MQ,20398,DFW,SHV,673,61.0,3163.0,4636.0,3799.0,ERJ175
2023,1,MQ,20398,ORD,CID,675,62.0,2567.0,3100.0,4204.0,ERJ145
2023,1,MQ,20398,CID,ORD,675,62.0,2589.0,3100.0,4819.0,ERJ145
2023,1,MQ,20398,CVG,MIA,673,62.0,3939.0,4711.0,9757.0,ERJ175
2023,1,MQ,20398,STL,ORD,673,63.0,3746.0,4788.0,4996.0,ERJ175
2023,1,MQ,20398,ORD,STL,673,65.0,3622.0,4940.0,5290.0,ERJ175
2023,1,MQ,20398,MHK,DFW,673,65.0,3780.0,4940.0,6315.0,ERJ175
2023,1,MQ,20398,SGF,CLT,673,66.0,3485.0,5016.0,8136.0,ERJ175
2023,1,MQ,20398,CLT,HHH,673,64.0,3495.0,4864.0,4309.0,ERJ175
2023,1,MQ,20398,CLT,SGF,673,66.0,3779.0,5016.0,9741.0,ERJ175
2023,1,MQ,20398,HHH,CLT,673,65.0,3771.0,4940.0,4746.0,ERJ175
2023,1,MQ,20398,COU,DFW,673,65.0,3986.0,4940.0,7222.0,ERJ175
2023,1,MQ,20398,DFW,COU,673,65.0,4200.0,4940.0,5958.0,ERJ175
2023,1,MQ,20398,DFW,LBB,673,65.0,4134.0,4940.0,4700.0,ERJ175
2023,1,MQ,20398,ORD,FAR,675,68.0,2717.0,3399.0,8319.0,ERJ145
2023,1,MQ,20398,FAR,ORD,675,68.0,2888.0,3400.0,8800.0,ERJ145
2023,1,MQ,20398,LBB,DFW,673,66.0,3428.0,5016.0,4682.0,ERJ175
2023,1,MQ,20398,DFW,GJT,673,69.0,3292.0,5244.0,9916.0,ERJ175
2023,1,MQ,20398,GJT,DFW,673,69.0,3823.0,5244.0,8757.0,ERJ175
2023,1,MQ,20398,DFW,CRP,673,69.0,3945.0,5244.0,5721.0,ERJ175
2023,1,MQ,20398,DFW,JAN,673,69.0,4215.0,5244.0,5936.0,ERJ175
2023,1,MQ,20398,JAN,DFW,673,69.0,4273.0,5244.0,6785.0,ERJ175
2023,1,MQ,20398,ORD,CLE,675,68.0,2232.0,3400.0,5672.0,ERJ145
2023,1,MQ,20398,CLE,ORD,675,68.0,2558.0,3400.0,6631.0,ERJ145
2023,1,MQ,20398,CRP,DFW,673,70.0,4160.0,5320.0,5534.0,ERJ175
2023,1,MQ,20398,DSM,DCA,673,74.0,3194.0,5624.0,10496.0,ERJ175
2023,1,MQ,20398,DFW,CHA,673,74.0,4511.0,5624.0,8684.0,ERJ175
2023,1,MQ,20398,CHA,DFW,673,74.0,4631.0,5624.0,10682.0,ERJ175
2023,1,MQ,20398,HRL,DFW,673,74.0,4750.0,5624.0,6692.0,ERJ175
2023,1,MQ,20398,SGF,ORD,675,75.0,2401.0,3750.0,7899.0,ERJ145
2023,1,MQ,20398,DCA,DSM,673,75.0,3383.0,5700.0,13282.0,ERJ175
2023,1,MQ,20398,DFW,LEX,673,75.0,4081.0,5700.0,9453.0,ERJ175
2023,1,MQ,20398,AUS,BNA,673,72.0,3072.0,5472.0,8530.0,ERJ175
2023,1,MQ,20398,BNA,AUS,673,72.0,3330.0,5472.0,10679.0,ERJ175
2023,1,MQ,20398,DFW,HRL,673,75.0,3668.0,5700.0,6894.0,ERJ175
2023,1,MQ,20398,ORD,SGF,675,76.0,2494.0,3800.0,8233.0,ERJ145
2023,1,MQ,20398,LEX,DFW,673,77.0,3864.0,5852.0,12012.0,ERJ175
2023,1,MQ,20398,BTR,DFW,673,76.0,4559.0,5776.0,7043.0,ERJ175
2023,1,MQ,20398,DFW,BTR,673,77.0,4702.0,5852.0,6347.0,ERJ175
2023,1,MQ,20398,ELP,AUS,673,78.0,3511.0,5928.0,7229.0,ERJ175
2023,1,MQ,20398,AUS,ELP,673,79.0,3803.0,6004.0,8037.0,ERJ175
2023,1,MQ,20398,PNS,MIA,673,80.0,4179.0,6080.0,7699.0,ERJ175
2023,1,MQ,20398,MIA,PNS,673,80.0,4725.0,6080.0,8892.0,ERJ175
2023,1,MQ,20398,AUS,MSY,673,82.0,3619.0,6232.0,6457.0,ERJ175
2023,1,MQ,20398,MSY,AUS,673,82.0,3731.0,6232.0,8020.0,ERJ175
2023,1,MQ,20398,LFT,DFW,673,84.0,4436.0,6384.0,7908.0,ERJ175
2023,1,MQ,20398,DFW,LFT,673,85.0,3617.0,6460.0,7112.0,ERJ175
2023,1,MQ,20398,MAF,DFW,673,88.0,5484.0,6687.0,6328.0,ERJ175
2023,1,MQ,20398,DFW,MAF,673,89.0,5003.0,6764.0,6955.0,ERJ175
2023,1,MQ,20398,TLH,MIA,673,91.0,3903.0,6916.0,7218.0,ERJ175
2023,1,MQ,20398,MIA,TLH,673,91.0,4732.0,6916.0,7870.0,ERJ175
2023,1,MQ,20398,MIA,EYW,673,97.0,4206.0,7371.0,5425.0,ERJ175
2023,1,MQ,20398,EYW,MIA,673,97.0,5704.0,7371.0,4561.0,ERJ175
2023,1,MQ,20398,LIT,DFW,673,102.0,6576.0,7752.0,9261.0,ERJ175
2023,1,MQ,20398,DFW,LIT,673,103.0,6935.0,7828.0,7717.0,ERJ175
2023,1,MQ,20398,ABI,DFW,673,103.0,4588.0,7828.0,5472.0,ERJ175
2023,1,MQ,20398,CMH,ORD,673,107.0,5586.0,8131.0,9452.0,ERJ175
2023,1,MQ,20398,ORD,CMH,673,108.0,5377.0,8206.0,9060.0,ERJ175
2023,1,MQ,20398,DFW,ABI,673,105.0,4768.0,7980.0,5929.0,ERJ175
2023,1,MQ,20398,MIA,JAX,673,127.0,7664.0,9652.0,9804.0,ERJ175
2023,1,MQ,20398,JAX,MIA,673,128.0,6394.0,9728.0,9289.0,ERJ175
2023,1,MQ,20398,XNA,DFW,673,132.0,8365.0,10032.0,11037.0,ERJ175
2023,1,MQ,20398,DFW,XNA,673,132.0,8379.0,10032.0,9619.0,ERJ175
2023,1,MQ,20398,SGF,DFW,673,182.0,10674.0,13832.0,17320.0,ERJ175
2023,1,MQ,20398,DFW,SGF,673,183.0,10108.0,13908.0,14549.0,ERJ175
