AIRCRAFT_TYPE,AIRPORT,INITIAL_COUNT
ERJ145,ABE,1
ERJ145,ABI,0
ERJ145,ABQ,0
ERJ145,AGS,0
ERJ145,ALB,0
ERJ145,ALO,0
ERJ145,ATL,0
ERJ145,ATW,0
ERJ145,AUS,0
ERJ145,AVL,0
ERJ145,AVP,1
ERJ145,AZO,1
ERJ145,BDL,0
ERJ145,BFL,0
ERJ145,BGR,0
ERJ145,BHM,0
ERJ145,BIL,0
ERJ145,BIS,0
ERJ145,BMI,1
ERJ145,BNA,0
ERJ145,BOS,0
ERJ145,BRO,0
ERJ145,BTR,0
ERJ145,BUF,0
ERJ145,BWI,0
ERJ145,BZN,0
ERJ145,CHA,0
ERJ145,CHS,0
ERJ145,CID,0
ERJ145,CLE,0
ERJ145,CLT,0
ERJ145,CMH,0
ERJ145,CMI,1
ERJ145,COS,0
ERJ145,COU,1
ERJ145,CRP,0
ERJ145,CVG,0
ERJ145,CWA,1
ERJ145,DAB,0
ERJ145,DAY,0
ERJ145,DCA,0
ERJ145,DFW,0
ERJ145,DRO,0
ERJ145,DSM,0
ERJ145,DTW,1
ERJ145,ECP,0
ERJ145,ELP,0
ERJ145,EVV,1
ERJ145,EWR,0
ERJ145,EYW,0
ERJ145,FAR,1
ERJ145,FAY,0
ERJ145,FNT,1
ERJ145,FSD,0
ERJ145,FSM,0
ERJ145,FWA,0
ERJ145,GJT,0
ERJ145,GNV,0
ERJ145,GPT,0
ERJ145,GRB,0
ERJ145,GRK,0
ERJ145,GRR,0
ERJ145,GSO,1
ERJ145,GSP,0
ERJ145,HHH,0
ERJ145,HOU,0
ERJ145,HPN,0
ERJ145,HRL,0
ERJ145,HSV,0
ERJ145,IAH,0
ERJ145,ICT,0
ERJ145,IND,0
ERJ145,JAN,0
ERJ145,JAX,0
ERJ145,LAN,0
ERJ145,LBB,0
ERJ145,LCH,0
ERJ145,LEX,0
ERJ145,LFT,0
ERJ145,LIT,0
ERJ145,LSE,1
ERJ145,MAF,0
ERJ145,MCI,0
ERJ145,MEM,0
ERJ145,MGM,0
ERJ145,MHK,1
ERJ145,MIA,0
ERJ145,MKE,0
ERJ145,MLI,1
ERJ145,MOB,0
ERJ145,MQT,1
ERJ145,MRY,0
ERJ145,MSN,0
ERJ145,MSO,0
ERJ145,MSP,1
ERJ145,MSY,0
ERJ145,MYR,0
ERJ145,OKC,0
ERJ145,OMA,0
ERJ145,ORD,8
ERJ145,ORF,0
ERJ145,PHX,0
ERJ145,PIA,1
ERJ145,PIT,0
ERJ145,PNS,0
ERJ145,PSP,0
ERJ145,PVD,0
ERJ145,RAP,0
ERJ145,RDU,0
ERJ145,RIC,0
ERJ145,RNO,0
ERJ145,ROC,0
ERJ145,RST,0
ERJ145,SAF,0
ERJ145,SAV,0
ERJ145,SBA,0
ERJ145,SBP,0
ERJ145,SDF,0
ERJ145,SGF,1
ERJ145,SHV,0
ERJ145,SJT,0
ERJ145,SLC,0
ERJ145,SRQ,0
ERJ145,STL,0
ERJ145,STS,0
ERJ145,SYR,0
ERJ145,TLH,0
ERJ145,TPA,0
ERJ145,TRI,0
ERJ145,TUL,0
ERJ145,TUS,0
ERJ145,TVC,0
ERJ145,TYS,1
ERJ145,VPS,0
ERJ145,XNA,0
ERJ170,ABE,0
ERJ170,ABI,0
ERJ170,ABQ,0
ERJ170,AGS,0
ERJ170,ALB,1
ERJ170,ALO,0
ERJ170,ATL,0
ERJ170,ATW,1
ERJ170,AUS,0
ERJ170,AVL,0
ERJ170,AVP,0
ERJ170,AZO,0
ERJ170,BDL,0
ERJ170,BFL,0
ERJ170,BGR,0
ERJ170,BHM,0
ERJ170,BIL,0
ERJ170,BIS,0
ERJ170,BMI,0
ERJ170,BNA,0
ERJ170,BOS,0
ERJ170,BRO,0
ERJ170,BTR,0
ERJ170,BUF,0
ERJ170,BWI,0
ERJ170,BZN,0
ERJ170,CHA,0
ERJ170,CHS,0
ERJ170,CID,1
ERJ170,CLE,0
ERJ170,CLT,0
ERJ170,CMH,0
ERJ170,CMI,0
ERJ170,COS,0
ERJ170,COU,0
ERJ170,CRP,0
ERJ170,CVG,0
ERJ170,CWA,0
ERJ170,DAB,0
ERJ170,DAY,1
ERJ170,DCA,0
ERJ170,DFW,0
ERJ170,DRO,0
ERJ170,DSM,0
ERJ170,DTW,0
ERJ170,ECP,0
ERJ170,ELP,0
ERJ170,EVV,0
ERJ170,EWR,0
ERJ170,EYW,0
ERJ170,FAR,0
ERJ170,FAY,0
ERJ170,FNT,0
ERJ170,FSD,0
ERJ170,FSM,0
ERJ170,FWA,0
ERJ170,GJT,0
ERJ170,GNV,0
ERJ170,GPT,0
ERJ170,GRB,0
ERJ170,GRK,0
ERJ170,GRR,0
ERJ170,GSO,0
ERJ170,GSP,0
ERJ170,HHH,0
ERJ170,HOU,0
ERJ170,HPN,0
ERJ170,HRL,0
ERJ170,HSV,0
ERJ170,IAH,0
ERJ170,ICT,0
ERJ170,IND,0
ERJ170,JAN,0
ERJ170,JAX,0
ERJ170,LAN,0
ERJ170,LBB,0
ERJ170,LCH,0
ERJ170,LEX,0
ERJ170,LFT,0
ERJ170,LIT,0
ERJ170,LSE,0
ERJ170,MAF,0
ERJ170,MCI,0
ERJ170,MEM,0
ERJ170,MGM,0
ERJ170,MHK,0
ERJ170,MIA,0
ERJ170,MKE,0
ERJ170,MLI,1
ERJ170,MOB,0
ERJ170,MQT,0
ERJ170,MRY,0
ERJ170,MSN,0
ERJ170,MSO,0
ERJ170,MSP,0
ERJ170,MSY,0
ERJ170,MYR,0
ERJ170,OKC,0
ERJ170,OMA,0
ERJ170,ORD,2
ERJ170,ORF,0
ERJ170,PHX,0
ERJ170,PIA,0
ERJ170,PIT,0
ERJ170,PNS,0
ERJ170,PSP,0
ERJ170,PVD,0
ERJ170,RAP,0
ERJ170,RDU,0
ERJ170,RIC,0
ERJ170,RNO,0
ERJ170,ROC,0
ERJ170,RST,0
ERJ170,SAF,0
ERJ170,SAV,0
ERJ170,SBA,0
ERJ170,SBP,0
ERJ170,SDF,0
ERJ170,SGF,0
ERJ170,SHV,0
ERJ170,SJT,0
ERJ170,SLC,0
ERJ170,SRQ,0
ERJ170,STL,0
ERJ170,STS,0
ERJ170,SYR,0
ERJ170,TLH,0
ERJ170,TPA,0
ERJ170,TRI,0
ERJ170,TUL,0
ERJ170,TUS,0
ERJ170,TVC,0
ERJ170,TYS,0
ERJ170,VPS,0
ERJ170,XNA,1
ERJ175,ABE,0
ERJ175,ABI,2
ERJ175,ABQ,0
ERJ175,AGS,0
ERJ175,ALB,0
ERJ175,ALO,0
ERJ175,ATL,0
ERJ175,ATW,1
ERJ175,AUS,4
ERJ175,AVL,0
ERJ175,AVP,0
ERJ175,AZO,0
ERJ175,BDL,0
ERJ175,BFL,0
ERJ175,BGR,1
ERJ175,BHM,1
ERJ175,BIL,0
ERJ175,BIS,1
ERJ175,BMI,0
ERJ175,BNA,0
ERJ175,BOS,1
ERJ175,BRO,0
ERJ175,BTR,1
ERJ175,BUF,1
ERJ175,BWI,0
ERJ175,BZN,0
ERJ175,CHA,1
ERJ175,CHS,1
ERJ175,CID,0
ERJ175,CLE,0
ERJ175,CLT,0
ERJ175,CMH,3
ERJ175,CMI,1
ERJ175,COS,0
ERJ175,COU,1
ERJ175,CRP,1
ERJ175,CVG,4
ERJ175,CWA,0
ERJ175,DAB,0
ERJ175,DAY,0
ERJ175,DCA,0
ERJ175,DFW,11
ERJ175,DRO,0
ERJ175,DSM,2
ERJ175,DTW,0
ERJ175,ECP,1
ERJ175,ELP,1
ERJ175,EVV,0
ERJ175,EWR,0
ERJ175,EYW,1
ERJ175,FAR,0
ERJ175,FAY,0
ERJ175,FNT,0
ERJ175,FSD,0
ERJ175,FSM,0
ERJ175,FWA,0
ERJ175,GJT,2
ERJ175,GNV,0
ERJ175,GPT,0
ERJ175,GRB,1
ERJ175,GRK,0
ERJ175,GRR,1
ERJ175,GSO,1
ERJ175,GSP,1
ERJ175,HHH,0
ERJ175,HOU,0
ERJ175,HPN,0
ERJ175,HRL,1
ERJ175,HSV,0
ERJ175,IAH,0
ERJ175,ICT,1
ERJ175,IND,2
ERJ175,JAN,1
ERJ175,JAX,1
ERJ175,LAN,0
ERJ175,LBB,2
ERJ175,LCH,0
ERJ175,LEX,2
ERJ175,LFT,1
ERJ175,LIT,4
ERJ175,LSE,0
ERJ175,MAF,0
ERJ175,MCI,0
ERJ175,MEM,1
ERJ175,MGM,0
ERJ175,MHK,1
ERJ175,MIA,3
ERJ175,MKE,1
ERJ175,MLI,0
ERJ175,MOB,1
ERJ175,MQT,0
ERJ175,MRY,1
ERJ175,MSN,1
ERJ175,MSO,0
ERJ175,MSP,0
ERJ175,MSY,1
ERJ175,MYR,0
ERJ175,OKC,0
ERJ175,OMA,1
ERJ175,ORD,3
ERJ175,ORF,1
ERJ175,PHX,0
ERJ175,PIA,0
ERJ175,PIT,0
ERJ175,PNS,1
ERJ175,PSP,0
ERJ175,PVD,0
ERJ175,RAP,1
ERJ175,RDU,2
ERJ175,RIC,0
ERJ175,RNO,0
ERJ175,ROC,1
ERJ175,RST,1
ERJ175,SAF,0
ERJ175,SAV,1
ERJ175,SBA,0
ERJ175,SBP,0
ERJ175,SDF,1
ERJ175,SGF,4
ERJ175,SHV,0
ERJ175,SJT,1
ERJ175,SLC,0
ERJ175,SRQ,0
ERJ175,STL,1
ERJ175,STS,0
ERJ175,SYR,1
ERJ175,TLH,2
ERJ175,TPA,0
ERJ175,TRI,0
ERJ175,TUL,0
ERJ175,TUS,0
ERJ175,TVC,0
ERJ175,TYS,1
ERJ175,VPS,0
ERJ175,XNA,6
